question,answer
What is the maximum permitted assembly U-value for a residential exterior mass wall in Climate Zone 3A according to ASHRAE 90.1-2004?,"SELECT assembly_maximum_u_value, assembly_maximum_u_value_unit
FROM envelope_requirements_90_1
WHERE template = '90.1-2004'
  AND climate_zone_set = 'ClimateZone 3A'
  AND intended_surface_type = 'ExteriorWall'
  AND standards_construction_type = 'Mass'
  AND building_category = 'Residential';"
What is the maximum permitted solar heat coefficient for a southern facing nonresidential glass door in Climate Zone 7 according to ASHRAE 90.1-2004?,"SELECT assembly_maximum_solar_heat_gain_coefficient, 
       minimum_percent_of_surface, 
       maximum_percent_of_surface,
       orientation
FROM envelope_requirements_90_1
WHERE template = '90.1-2004'
  AND climate_zone_set LIKE 'ClimateZone 7%'
  AND intended_surface_type = 'GlassDoor'
  AND building_category = 'Nonresidential'
  AND orientation LIKE '%S%';"
What is the maximum permitted assembly U-value for a residential exterior mass wall in Climate Zone 3A according to IECC-2012?,"SELECT assembly_maximum_u_value, assembly_maximum_u_value_unit
FROM envelope_requirements_IECC
WHERE template = 'IECC-2012'
  AND climate_zone_set = 'ClimateZone 3'
  AND intended_surface_type = 'ExteriorWall'
  AND standards_construction_type = 'Mass'
  AND building_category = 'Residential';"
What climate zones are included in the IECC envelope requirements dataset?,"SELECT DISTINCT climate_zone_set
FROM envelope_requirements_IECC
ORDER BY climate_zone_set;"
What are the allowance types for exterior lighting in 90.1?,"SELECT DISTINCT allowance_type
FROM exterior_lighting_90_1
ORDER BY allowance_type;"
What are the exterior lighting requirements for walkways in 90.1-2007?,"SELECT lighting_zone, allowance_type, allowance, allowance_unit
FROM exterior_lighting_90_1
WHERE template = '90.1-2007'
  AND allowance_type LIKE '%walkway%';"
I have a 350 kBtu/hr natural gas boiler that was installed in 2011. What efficiency does 90.1 specify for a boiler of this size and fuel type?,"SELECT fluid_type, minimum_annual_fuel_utilization_efficiency, minimum_thermal_efficiency, minimum_combustion_efficiency, start_date, end_date
FROM hvac_minimum_requirements_boilers_90_1
WHERE template = '90.1-2010'
  AND fuel_type = 'NaturalGas'
  AND minimum_capacity <= 350000
  AND (maximum_capacity >= 350000 OR maximum_capacity IS NULL);"
What are the draft type options available for boilers?,"SELECT DISTINCT draft_type
FROM hvac_minimum_requirements_boilers_90_1
ORDER BY draft_type;"
What part load efficiency is required for a 120 ton water cooled screw chiller installed in 2008 for IECC?,"SELECT template, 
       cooling_type,
       compressor_type,
       minimum_capacity,
       maximum_capacity,
       start_date,
       end_date,
       minimum_integrated_part_load_value,
       annotation
FROM hvac_minimum_requirements_chillers_IECC
WHERE template = 'IECC-2006'
  AND cooling_type = 'WaterCooled'
  AND compressor_type = 'Rotary Screw'
  AND minimum_capacity <= 120
  AND maximum_capacity >= 120;"
What SCOP is required for a 150 kBtu/hr water cooled downflow computer room air conditioner installed in 2015?,"SELECT template,
       cooling_type,
       standard_model,
       rating_condition,
       minimum_capacity,
       maximum_capacity,
       minimum_scop,
       annotation
FROM hvac_minimum_requirements_computer_room_air_conditioners_90_1
WHERE cooling_type LIKE '%WaterCooled%'
  AND minimum_capacity <= 150000
  AND maximum_capacity >= 150000
  AND template = '90.1-2013'
ORDER BY cooling_type, standard_model;"
What AFUE is required for a 150 kBtu/hr natural gas furnace installed in 2018?,"SELECT template,
       equipment_type,
       fuel_type,
       minimum_capacity,
       maximum_capacity,
       minimum_annual_fuel_utilization_efficiency,
       minimum_thermal_efficiency,
       annotation
FROM hvac_minimum_requirements_furnaces_90_1
WHERE equipment_type = 'Warm Air Furnace'
  AND fuel_type = 'NaturalGas'
  AND minimum_capacity <= 150000
  AND maximum_capacity >= 150000
  AND template = '90.1-2016';"
"What are the efficiency requirements for any oil-fired furnace between 200,000-300,000 Btu/hr under 2019 standards?","SELECT template,
       equipment_type,
       fuel_type,
       subtype,
       minimum_capacity,
       maximum_capacity,
       minimum_annual_fuel_utilization_efficiency,
       minimum_thermal_efficiency,
       standby_mode_power,
       off_mode_power,
       annotation
FROM hvac_minimum_requirements_furnaces_90_1
WHERE fuel_type = 'Oil'
  AND minimum_capacity <= 300000
  AND maximum_capacity >= 200000
  AND template = '90.1-2019'
ORDER BY equipment_type, minimum_capacity;"
How do the SEER2 requirements differ between regions for a 3-ton split system heat pump installed under the latest IECC standards?,"SELECT template,
       equipment_type,
       subcategory,
       region,
       minimum_seasonal_energy_efficiency_ratio_2 as seer2_requirement,
       start_date,
       end_date,
       annotation
FROM hvac_minimum_requirements_heat_pumps_cooling_IECC
WHERE equipment_type = 'Heat Pumps'
  AND subcategory = 'Split System'
  AND minimum_capacity <= 36000  -- 3 tons = 36,000 Btu/hr
  AND maximum_capacity >= 36000
  AND template in ('IECC-2018', 'IECC-2021')
ORDER BY region, template;"
What's the difference in off-mode power requirements between Small Duct High Velocity systems and regular heat pumps in the Southeastern region across different IECC versions?,"SELECT template,
       equipment_type,
       region,
       subcategory,
       minimum_seasonal_energy_efficiency_ratio,
       minimum_seasonal_energy_efficiency_ratio_2,
       off_mode_power,
       start_date,
       annotation
FROM hvac_minimum_requirements_heat_pumps_cooling_IECC
WHERE region = 'Southeastern'
  AND (equipment_type = 'Small Duct High Velocity' 
       OR (equipment_type = 'Heat Pumps' AND subcategory = 'Single Package'))
  AND minimum_capacity <= 48000  -- focusing on residential sizes
  AND maximum_capacity >= 24000
ORDER BY equipment_type, template;"
How have the COP requirements at low outdoor temperatures (17 F) evolved over different ASHRAE 90.1 versions for large commercial heat pumps?,"SELECT template,
       equipment_type,
       rating_condition,
       minimum_capacity,
       maximum_capacity,
       minimum_coefficient_of_performance_heating as cop_heating,
       start_date,
       end_date,
       annotation
FROM hvac_minimum_requirements_heat_pumps_heating_90_1
WHERE rating_condition = '17F db/15F wb outdoor air'
  AND minimum_capacity >= 135000  -- focusing on larger commercial units
  AND equipment_type = 'Heat Pumps'
ORDER BY template, minimum_capacity;"
What's the performance difference between space-constrained Single Package Variable Heat Pumps (SPVHP) and standard heat pumps for mid-size applications across different rating conditions?,"SELECT template,
       equipment_type,
       subcategory,
       rating_condition,
       minimum_capacity,
       maximum_capacity,
       minimum_coefficient_of_performance_heating as cop_heating,
       minimum_heating_seasonal_performance_factor as hspf,
       annotation
FROM hvac_minimum_requirements_heat_pumps_heating_90_1
WHERE ((equipment_type = 'SPVHP' AND subcategory = 'Nonweatherized Space Constrained')
       OR (equipment_type = 'Heat Pumps' AND subcategory = 'Single Package'))
  AND minimum_capacity <= 65000
  AND maximum_capacity >= 30000
  AND template = '90.1-2013'
ORDER BY equipment_type, rating_condition, minimum_capacity;"
How do the BTU/hr per HP requirements compare between different refrigerants (R-448A vs Ammonia) for evaporative condensers with the same fan type under current IECC standards?,"SELECT template,
       equipment_type,
       fan_type,
       test_fluid,
       minimum_performance_btu_per_hr_per_hp,
       start_date,
       end_date,
       annotation
FROM hvac_minimum_requirements_heat_rejection_IECC
WHERE equipment_type = 'Evaporative Condenser'
  AND fan_type = 'Propeller or Axial'
  AND test_fluid IN ('R-448A', 'Ammonia')
  AND template IN ('IECC-2021', 'IECC-2024')
ORDER BY test_fluid, template;"
"What's the efficiency trade-off between fan types (Centrifugal vs Propeller/Axial) for cooling towers, and how have the GPM per HP requirements changed across IECC versions?","SELECT template,
       equipment_type,
       fan_type,
       minimum_performance_gpm_per_hp,
       minimum_performance_btu_per_hr_per_hp,
       annotation
FROM hvac_minimum_requirements_heat_rejection_IECC
WHERE equipment_type LIKE '%Cooling Tower%'
  AND minimum_performance_gpm_per_hp IS NOT NULL
  AND fan_type IS NOT NULL
ORDER BY equipment_type, fan_type, template;"
"How do the efficiency requirements differ between enclosed and open motor designs for the same horsepower range, and which design requires higher efficiency?","SELECT template,
       type,
       number_of_poles,
       synchronous_speed,
       minimum_capacity,
       maximum_capacity,
       nominal_full_load_efficiency,
       annotation
FROM hvac_minimum_requirements_motors_90_1
WHERE minimum_capacity <= 25
  AND maximum_capacity >= 15
  AND template = '90.1-2010'
  AND type IN ('Enclosed', 'Open')
ORDER BY type, number_of_poles, minimum_capacity;"
"How has the efficiency requirement evolved over different 90.1 versions for high-speed 2-pole motors in the 30-40 HP range, and what's the efficiency penalty for going to slower 6-pole motors?","SELECT template,
       number_of_poles,
       synchronous_speed,
       type,
       minimum_capacity,
       maximum_capacity,
       nominal_full_load_efficiency,
       start_date,
       annotation
FROM hvac_minimum_requirements_motors_90_1
WHERE minimum_capacity <= 40
  AND maximum_capacity >= 30
  AND number_of_poles IN (2, 6)
  AND type = 'Enclosed'
ORDER BY template, number_of_poles, minimum_capacity;"
"How do the EER and IEER requirements compare between evaporatively cooled and water cooled single package air conditioners in the 240,000-760,000 Btu/hr range for units installed after 2011","SELECT template,
       equipment_type,
       cooling_type,
       heating_type,
       subcategory,
       minimum_capacity,
       maximum_capacity,
       minimum_energy_efficiency_ratio as eer,
       minimum_integrated_energy_efficiency_ratio as ieer,
       start_date,
       annotation
FROM hvac_minimum_requirements_unitary_air_conditioners_90_1
WHERE equipment_type = 'Air Conditioners'
  AND subcategory = 'Single Package'
  AND cooling_type IN ('EvaporativelyCooled', 'WaterCooled')
  AND minimum_capacity = 240000
  AND maximum_capacity <= 760000
  AND start_date >= '2011-06-01'
ORDER BY cooling_type, heating_type, start_date;"
"What's the efficiency improvement between 90.1-2004 and 90.1-2010 standards for air-cooled condensing units, and how do the requirements differ between EER and IPLV metrics","SELECT template,
       equipment_type,
       cooling_type,
       minimum_capacity,
       maximum_capacity,
       minimum_energy_efficiency_ratio as eer,
       minimum_integrated_part_load_value as iplv,
       minimum_integrated_energy_efficiency_ratio as ieer,
       annotation
FROM hvac_minimum_requirements_unitary_air_conditioners_90_1
WHERE equipment_type = 'Condensing Units'
  AND cooling_type = 'AirCooled'
  AND minimum_capacity = 135000
  AND template IN ('90.1-2004', '90.1-2010')
ORDER BY template, minimum_capacity;"
"How do ground-source VRF systems compare to water-source systems in terms of cooling efficiency requirements, and which source type demands higher performance standards?","SELECT 
    template,
    equipment_type,
	subcategory,
    minimum_capacity,
    maximum_capacity,
    minimum_energy_efficiency_ratio,
    annotation
FROM hvac_minimum_requirements_variable_refrigerant_flow_systems_90_1
WHERE equipment_type IN ('GroundSourceCoolingMode', 'WaterSourceCoolingMode', 
                         'GroundWaterSourceCoolingMode')
  AND minimum_capacity = 0
  AND template IN ('90.1-2016', '90.1-2019', '90.1-2022', '90.1-2025')
ORDER BY template, equipment_type;"
"What are all the space types that use natural gas equipment, and what schedule sets do they follow for their operations?","SELECT space_type_name,
       natural_gas_equipment_space_type_name,
       schedule_set_name,
       lighting_space_type_name,
       annotation
FROM level_1_space_types
WHERE natural_gas_equipment_space_type_name IS NOT NULL
ORDER BY schedule_set_name, space_type_name;"
"Which space types share the same electric equipment profiles but have different ventilation requirements, and how do their schedule patterns compare?","SELECT space_type_name,
       electric_equipment_space_type_name,
       ventilation_space_type_name,
       schedule_set_name,
       annotation
FROM level_1_space_types
WHERE electric_equipment_space_type_name IN (
    SELECT electric_equipment_space_type_name 
    FROM level_1_space_types 
    WHERE electric_equipment_space_type_name IS NOT NULL
    GROUP BY electric_equipment_space_type_name 
    HAVING COUNT(*) > 1
)
ORDER BY electric_equipment_space_type_name, space_type_name;"
"Which space types have the highest variability in electric equipment loads, and what are their heat gain characteristics?","SELECT electric_equipment_space_type_name,
       electric_equipment_minimum_epd,
       electric_equipment_maximum_epd,
       (electric_equipment_maximum_epd - electric_equipment_minimum_epd) as epd_range,
       electric_equipment_fraction_latent,
       electric_equipment_fraction_radiant,
       electric_equipment_fraction_lost
FROM level_2_electric_equipment
WHERE electric_equipment_maximum_epd > electric_equipment_minimum_epd
ORDER BY epd_range DESC;"
What space types have electric equipment loads above 0.7 W/ft² and generate latent heat gains?,"SELECT electric_equipment_space_type_name,
       electric_equipment_average_epd,
       electric_equipment_median_epd,
       electric_equipment_fraction_latent,
       electric_equipment_fraction_radiant
FROM level_2_electric_equipment
WHERE electric_equipment_average_epd > 0.7
  AND electric_equipment_fraction_latent > 0
ORDER BY electric_equipment_average_epd DESC;"
How do illuminance requirements vary between IECC and ASHRAE 90.1 standards for the same space types?,"SELECT lighting_space_type_name,
       level_3_lighting_code_definition_table,
       lighting_space_type_target_illuminance_setpoint,
       level_3_lighting_code_definition_id
FROM level_2_lighting_space_types
WHERE lighting_space_type_name IN (
    SELECT lighting_space_type_name 
    FROM level_2_lighting_space_types 
    GROUP BY lighting_space_type_name 
    HAVING COUNT(DISTINCT level_3_lighting_code_definition_table) > 1
)
ORDER BY lighting_space_type_name, level_3_lighting_code_definition_table;"
Which space types require the highest illuminance levels above 400 Lux across any code version?,"SELECT DISTINCT lighting_space_type_name,
       MAX(lighting_space_type_target_illuminance_setpoint) as max_illuminance,
       lighting_technology_name,
       lighting_space_type_target_illuminance_setpoint_unit
FROM level_2_lighting_space_types
WHERE lighting_space_type_target_illuminance_setpoint > 400
GROUP BY lighting_space_type_name, lighting_technology_name, lighting_space_type_target_illuminance_setpoint_unit
ORDER BY max_illuminance DESC;"
Which space types have the highest natural gas equipment loads and what percentage of their heat is lost rather than contributing to space conditioning?,"SELECT natural_gas_equipment_space_type_name,
       natural_gas_equipment_average_epd,
       natural_gas_equipment_maximum_epd,
       natural_gas_equipment_fraction_lost,
       (natural_gas_equipment_fraction_latent + natural_gas_equipment_fraction_radiant) as useful_heat_fraction
FROM level_2_natural_gas_equipment
WHERE natural_gas_equipment_average_epd > 100
ORDER BY natural_gas_equipment_average_epd DESC;"
Compare the load variability and heat distribution patterns between kitchen-related spaces and other space types?,"SELECT natural_gas_equipment_space_type_name,
       natural_gas_equipment_minimum_epd,
       natural_gas_equipment_median_epd,
       natural_gas_equipment_maximum_epd,
       natural_gas_equipment_fraction_latent,
       natural_gas_equipment_fraction_radiant,
       natural_gas_equipment_fraction_lost,
       CASE 
         WHEN natural_gas_equipment_space_type_name LIKE '%kitchen%' 
           OR natural_gas_equipment_space_type_name LIKE '%deli%' 
           OR natural_gas_equipment_space_type_name LIKE '%bakery%' 
         THEN 'Food Service' 
         ELSE 'Other' 
       END as space_category
FROM level_2_natural_gas_equipment
ORDER BY space_category, natural_gas_equipment_average_epd DESC;"
"What are the most commonly referenced ventilation definition IDs across all space types, and which standard tables do they belong to?","SELECT level_3_ventilation_definition_id,
       level_3_ventilation_definition_table,
       COUNT(*) as space_types_using_this_id,
       STRING_AGG(ventilation_space_type_name, ', ') as space_types
FROM level_2_ventilation_space_types
GROUP BY level_3_ventilation_definition_id, level_3_ventilation_definition_table
HAVING COUNT(*) > 1
ORDER BY space_types_using_this_id DESC;"
Which space types have the highest lighting power densities and require automatic full-off controls under 90.1-2004?,"SELECT lighting_primary_space_type,
       lighting_secondary_space_type,
       lighting_power_density,
       automatic_full_off,
       method,
       annotation
FROM level_3_lighting_90_1_2004
WHERE automatic_full_off = 'REQ'
  AND lighting_power_density >= 1.2
ORDER BY lighting_power_density DESC;"
Compare the lighting power density requirements between CS (Complete System) and SS (Space-by-Space) methods for the same space types?,"SELECT lighting_primary_space_type,
       lighting_secondary_space_type,
       method,
       lighting_power_density,
       automatic_full_off
FROM level_3_lighting_90_1_2004
WHERE lighting_primary_space_type IN (
    SELECT lighting_primary_space_type 
    FROM level_3_lighting_90_1_2004 
    GROUP BY lighting_primary_space_type, lighting_secondary_space_type
    HAVING COUNT(DISTINCT method) > 1
)
ORDER BY lighting_primary_space_type, lighting_secondary_space_type, method;"
Which space types in 90.1-2007 have supplemental lighting allowances or special control requirements?,"SELECT lighting_primary_space_type,
       lighting_secondary_space_type,
       lighting_power_density,
       supplemental_lighting_power_density,
       automatic_full_off,
       scheduled_shutoff,
       method,
       annotation
FROM level_3_lighting_90_1_2007
WHERE supplemental_lighting_power_density IS NOT NULL
   OR automatic_full_off IS NOT NULL
   OR scheduled_shutoff IS NOT NULL
ORDER BY lighting_power_density DESC;"
Which space types in the PRM baseline have Building Area (BA) method requirements but still need daylight responsive controls?,"SELECT lighting_primary_space_type,
       lighting_secondary_space_type,
       method,
       lighting_power_density,
       automatic_daylight_responsive_controls_for_sidelighting,
       automatic_daylight_responsive_controls_for_toplighting,
       annotation
FROM level_3_lighting_90_1_2010_prm
WHERE method = 'BA'
  AND (automatic_daylight_responsive_controls_for_sidelighting = 'REQ' 
       OR automatic_daylight_responsive_controls_for_toplighting = 'REQ')
ORDER BY lighting_power_density DESC;"
Which space types in the 2010 PRM baseline require automatic full-off controls and have lighting power densities above 1.0 W/ft²?,"SELECT lighting_primary_space_type,
       lighting_secondary_space_type,
       method,
       lighting_power_density,
       rcr_threshold,
       automatic_full_off,
       automatic_daylight_responsive_controls_for_sidelighting,
       automatic_daylight_responsive_controls_for_toplighting,
       annotation
FROM level_3_lighting_90_1_2010_prm
WHERE lighting_power_density > 1.0
  AND automatic_full_off = 'REQ'
ORDER BY lighting_power_density DESC;"
Which space types require both automatic partial-off controls AND have the most stringent RCR thresholds?,"SELECT lighting_primary_space_type,
       lighting_secondary_space_type,
       lighting_power_density,
       rcr_threshold,
       automatic_partial_off,
       automatic_daylight_responsive_controls_for_sidelighting,
       automatic_daylight_responsive_controls_for_toplighting,
       annotation
FROM level_3_lighting_90_1_2013
WHERE automatic_partial_off = 'REQ'
  AND rcr_threshold <= 4
ORDER BY lighting_power_density DESC;"
How do the control requirements (ADD2 vs REQ vs null) vary for facilities serving visually impaired populations compared to general spaces?,"SELECT lighting_primary_space_type,
       lighting_secondary_space_type,
       lighting_power_density,
       automatic_partial_off,
       automatic_full_off,
       scheduled_shutoff,
       CASE 
         WHEN lighting_primary_space_type LIKE '%Visually Impaired%' 
           OR lighting_secondary_space_type LIKE '%visually impaired%'
         THEN 'Visually Impaired Facility'
         ELSE 'General Facility'
       END as facility_type,
       annotation
FROM level_3_lighting_90_1_2013
WHERE lighting_primary_space_type LIKE '%Visually Impaired%' 
   OR lighting_secondary_space_type LIKE '%visually impaired%'
   OR lighting_primary_space_type IN ('Lobby', 'Dormitory Living Quarters')
ORDER BY facility_type, lighting_power_density DESC;"
"Which sports and entertainment venues have the highest lighting power densities, and how do their control requirements compare?","SELECT lighting_primary_space_type,
       lighting_secondary_space_type,
       lighting_power_density,
       automatic_daylight_responsive_controls_for_sidelighting,
       automatic_partial_off,
       automatic_full_off,
       annotation
FROM level_3_lighting_90_1_2016
WHERE (lighting_primary_space_type LIKE '%Sports%' 
       OR lighting_primary_space_type LIKE '%Religious%'
       OR lighting_primary_space_type LIKE '%Convention%')
  AND lighting_power_density > 1.0
ORDER BY lighting_power_density DESC;"
How do the lighting power densities for retail spaces compare between different retail categories and sections of the code?,"SELECT lighting_primary_space_type,
       lighting_secondary_space_type,
       lighting_power_density,
       rcr_threshold,
       annotation,
       CASE 
         WHEN annotation LIKE '%Section 9.6.2%' THEN 'Additional Allowances'
         WHEN annotation LIKE '%Table 9.6.1%' THEN 'Standard Requirements'
         ELSE 'Other'
       END as code_section_type
FROM level_3_lighting_90_1_2016
WHERE lighting_primary_space_type LIKE '%Retail%'
   OR lighting_secondary_space_type LIKE '%Sales%'
   OR lighting_secondary_space_type LIKE '%Mall%'
ORDER BY code_section_type, lighting_power_density DESC;"
"Which space types require both automatic partial-off controls AND daylight responsive controls, and how do their lighting power densities compare?","SELECT lighting_primary_space_type,
       lighting_secondary_space_type,
       lighting_power_density,
       rcr_threshold,
       automatic_partial_off,
       automatic_daylight_responsive_controls_for_sidelighting,
       automatic_daylight_responsive_controls_for_toplighting,
       annotation
FROM level_3_lighting_90_1_2019
WHERE automatic_partial_off = 'REQ'
  AND automatic_daylight_responsive_controls_for_sidelighting = 'REQ'
ORDER BY lighting_power_density DESC;"
"What are the most energy-intensive laboratory and healthcare spaces, and how do their control requirements differ?","SELECT lighting_primary_space_type,
       lighting_secondary_space_type,
       lighting_power_density,
       automatic_full_off,
       scheduled_shutoff,
       rcr_threshold,
       annotation
FROM level_3_lighting_90_1_2019
WHERE (lighting_primary_space_type LIKE '%Laboratory%' 
       OR lighting_primary_space_type LIKE '%Healthcare%')
  AND lighting_power_density > 1.0
ORDER BY lighting_power_density DESC;"
Which space types have the most restrictive RCR thresholds (?4) but still allow ADD2 (additional) controls instead of requiring them?,"SELECT lighting_primary_space_type,
       lighting_secondary_space_type,
       lighting_power_density,
       rcr_threshold,
       automatic_full_off,
       scheduled_shutoff,
       automatic_daylight_responsive_controls_for_sidelighting,
       annotation
FROM level_3_lighting_90_1_2022
WHERE rcr_threshold <= 4
  AND (automatic_full_off = 'ADD2' OR scheduled_shutoff = 'ADD2')
ORDER BY rcr_threshold, lighting_power_density DESC;"
How do the lighting requirements for facilities serving the visually impaired compare to general facilities in terms of power density and control flexibility?,"SELECT lighting_primary_space_type,
       lighting_secondary_space_type,
       lighting_power_density,
       automatic_full_off,
       scheduled_shutoff,
       rcr_threshold,
       CASE 
         WHEN lighting_primary_space_type LIKE '%Visually Impaired%' 
         THEN 'Visually Impaired Facility'
         ELSE 'General Facility'
       END as facility_type,
       annotation
FROM level_3_lighting_90_1_2022
WHERE lighting_primary_space_type LIKE '%Visually Impaired%'
   OR lighting_primary_space_type IN ('Conference/Meeting/Multipurpose Rooms', 'Dining Area')
ORDER BY facility_type, lighting_power_density DESC;"
"Which healthcare facility spaces have the highest lighting power densities, and how do they compare to other high-intensity space types?","SELECT lighting_primary_space_type,
       lighting_secondary_space_type,
       lighting_power_density,
       method,
       annotation
FROM level_3_lighting_IECC_2006
WHERE lighting_primary_space_type = 'Healthcare Facility'
  AND lighting_power_density >= 1.0
ORDER BY lighting_power_density DESC;"
"What's the range of lighting power densities for sports and entertainment venues, and how do they vary by facility class or type?","SELECT lighting_primary_space_type,
       lighting_secondary_space_type,
       lighting_power_density,
       method,
       annotation
FROM level_3_lighting_IECC_2006
WHERE (lighting_primary_space_type LIKE '%Sports%' 
       OR lighting_primary_space_type LIKE '%Audience%'
       OR lighting_secondary_space_type LIKE '%Class%'
       OR lighting_secondary_space_type LIKE '%sports arena%')
ORDER BY lighting_power_density DESC;"
Which space types rely purely on area-based ventilation (no per-person requirements) and have high ventilation rates above 0.3 cfm/ft²?,"SELECT ventilation_primary_space_type,
       ventilation_secondary_space_type,
       ventilation_rate_occupant,
       ventilation_rate_area,
       occupancy_per_area,
       annotation
FROM level_3_ventilation_62_1_1999
WHERE ventilation_rate_occupant = 0
  AND ventilation_rate_area > 0.3
ORDER BY ventilation_rate_area DESC;"
How do the ventilation requirements differ between educational spaces (classrooms vs labs vs auditoriums) in terms of per-person and occupancy assumptions?,"SELECT ventilation_primary_space_type,
       ventilation_secondary_space_type,
       ventilation_rate_occupant,
       ventilation_rate_area,
       occupancy_per_area,
       annotation
FROM level_3_ventilation_62_1_1999
WHERE ventilation_primary_space_type = 'Education'
ORDER BY ventilation_rate_occupant DESC, occupancy_per_area DESC;"
Which space types are classified as Air Class 2 (higher contamination) and how do their ventilation rates compare to Air Class 1 spaces?,"SELECT ventilation_primary_space_type,
       ventilation_secondary_space_type,
       air_class,
       ventilation_rate_occupant,
       ventilation_rate_area,
       occupancy_per_area,
       annotation
FROM level_3_ventilation_62_1_2004
WHERE air_class = 2
ORDER BY ventilation_rate_area DESC, ventilation_rate_occupant DESC;"
"How do food service spaces compare in terms of ventilation requirements, and which have the highest per-person ventilation needs?","SELECT ventilation_primary_space_type,
       ventilation_secondary_space_type,
       ventilation_rate_occupant,
       ventilation_rate_area,
       occupancy_per_area,
       air_class,
       annotation
FROM level_3_ventilation_62_1_2004
WHERE ventilation_primary_space_type = 'Food and Beverage Service'
ORDER BY ventilation_rate_occupant DESC, ventilation_rate_area DESC;"
Which space types have both high occupancy density (>100 ppl/1000 ft²) AND require significant per-person ventilation rates?,"SELECT ventilation_primary_space_type,
       ventilation_secondary_space_type,
       ventilation_rate_occupant,
       ventilation_rate_area,
       occupancy_per_area,
       air_class,
       annotation
FROM level_3_ventilation_62_1_2007
WHERE occupancy_per_area > 100
  AND ventilation_rate_occupant > 5
ORDER BY occupancy_per_area DESC, ventilation_rate_occupant DESC;"
How do sports and entertainment venues vary in their ventilation strategies between spectator areas and active play areas?,"SELECT ventilation_primary_space_type,
       ventilation_secondary_space_type,
       ventilation_rate_occupant,
       ventilation_rate_area,
       occupancy_per_area,
       air_class,
       annotation
FROM level_3_ventilation_62_1_2007
WHERE ventilation_primary_space_type = 'Sports and Entertainment'
ORDER BY ventilation_rate_area DESC, ventilation_rate_occupant DESC;"
"Which insulation materials provide the highest thermal resistance per inch of thickness, and how do their densities compare?","SELECT name,
       material_type,
       thickness,
       resistance,
       (resistance / thickness) as resistance_per_inch,
       density,
       conductivity,
       annotation
FROM support_materials
WHERE material_type = 'StandardOpaqueMaterial'
  AND resistance > 20
  AND thickness > 0
ORDER BY resistance_per_inch DESC;"
How do the thermal properties of glass fiber batt insulations vary by R-value and thickness across different CEC defaults?,"SELECT name,
       thickness,
       conductivity,
       resistance,
       density,
       specific_heat,
       annotation
FROM support_materials
WHERE name LIKE '%Glass fiber batt%'
  AND name LIKE '%CEC Default%'
ORDER BY resistance DESC, thickness;"
How do economizer control strategies differ between data centers and regular buildings across different climate zones?,"SELECT template,
       climate_zone,
       data_center,
       fixed_dry_bulb_is_allowed,
       differential_dry_bulb_is_allowed,
       electronic_enthalpy_is_allowed,
       differential_enthalpy_is_allowed,
       dew_point_dry_bulb_is_allowed,
       heat_recovery_exempted,
       annotation
FROM system_requirements_air_economizer_90_1
WHERE template = '90.1-2010'
  AND climate_zone IN ('2A', '3A', '4A')
ORDER BY data_center DESC, climate_zone;"
"What are the high limit shutoff temperatures and enthalpies for different economizer control strategies, and how have they evolved between 90.1-2004 and 90.1-2010?","SELECT template,
       climate_zone,
       data_center,
       fixed_dry_bulb_high_limit_shutoff_temp,
       fixed_enthalpy_high_limit_shutoff_enthalpy,
       dew_point_dry_bulb_high_limit_shutoff_dew_point_temp,
       dew_point_dry_bulb_high_limit_shutoff_dry_bulb_temp,
       annotation
FROM system_requirements_air_economizer_90_1
WHERE template IN ('90.1-2004', '90.1-2010')
  AND climate_zone = '3A'
ORDER BY template, data_center;"
"Which climate zones require energy recovery for the smallest outdoor air CFM thresholds, and how do the effectiveness requirements vary?","SELECT template,
       climate_zone,
       under_8000_hours,
       design_conditions,
       percent_oa_70_to_80,
       percent_oa_greater_than_80,
       energy_recovery_effectiveness,
       enthalpy_recovery_ratio,
       sensible_energy_recovery_ratio,
       annotation
FROM system_requirements_energy_recovery_90_1
WHERE percent_oa_greater_than_80 IS NOT NULL
  AND percent_oa_greater_than_80 < 5000
ORDER BY percent_oa_greater_than_80, climate_zone;"
How do energy recovery requirements differ between heating and cooling design conditions for cold climates (zones 6-8)?,"SELECT template,
       climate_zone,
       design_conditions,
       under_8000_hours,
       percent_oa_30_to_40,
       percent_oa_40_to_50,
       percent_oa_50_to_60,
       energy_recovery_effectiveness,
       annotation
FROM system_requirements_energy_recovery_90_1
WHERE climate_zone IN ('6A', '6B', '7A', '7B', '8')
  AND template = '90.1-2013'
ORDER BY climate_zone, design_conditions;"
How do the outdoor air percentage thresholds for energy recovery requirements differ between humid (A) and dry (B) climate zones in IECC-2012?,"SELECT template, climate_zone, design_conditions, percent_oa_30_to_40, percent_oa_40_to_50, percent_oa_50_to_60, percent_oa_60_to_70, percent_oa_70_to_80, percent_oa_greater_than_80, energy_recovery_effectiveness, CASE WHEN climate_zone LIKE '%A' THEN 'Humid' WHEN climate_zone LIKE '%B' THEN 'Dry' ELSE 'Other' END as moisture_regime, annotation FROM system_requirements_energy_recovery_IECC WHERE template = 'IECC-2012' AND climate_zone IN ('1A', '1B', '2A', '2B', '3A', '3B') ORDER BY moisture_regime, climate_zone, design_conditions;"
"Which climate zones completely exempt certain outdoor air percentage ranges from energy recovery requirements, and how have these exemptions evolved from IECC-2009 to IECC-2012?","SELECT template, climate_zone, design_conditions, percent_oa_50_to_60, percent_oa_60_to_70, percent_oa_70_to_80, percent_oa_greater_than_80, energy_recovery_effectiveness, annotation FROM system_requirements_energy_recovery_IECC WHERE (percent_oa_50_to_60 IS NULL OR percent_oa_60_to_70 IS NULL OR percent_oa_70_to_80 IS NULL OR percent_oa_greater_than_80 IS NULL) AND template IN ('IECC-2009', 'IECC-2012') ORDER BY template, climate_zone;"
How do the fan power allowances compare between different filtration levels (MERV 12 vs MERV 13-16 vs HEPA) across different system capacities?,"SELECT template, air_system_component, minimum_capacity, maximum_capacity, fan_power_allowance, fan_system, annotation FROM system_requirements_fan_power_allowance_90_1 WHERE air_system_component IN ('Filter not higher than MERV 12', 'MERV 13 to MERV 16 filter', 'HEPA filter') ORDER BY minimum_capacity, fan_power_allowance;"
"What are the highest fan power allowances for energy recovery components, and how do they compare between supply and exhaust systems?","SELECT template, air_system, air_system_component, fan_system, minimum_capacity, maximum_capacity, fan_power_allowance, annotation FROM system_requirements_fan_power_allowance_90_1 WHERE (air_system_component LIKE '%recovery%' OR air_system_component LIKE '%enthalpy%' OR air_system_component LIKE '%run-around%') AND template = '90.1-2025' ORDER BY fan_power_allowance DESC, air_system;"
"What are the envelope requirements for buildings in climate zones 4 and 5, specifically for walls and roofs?","SELECT id, template, climate_zone_set, intended_surface_type, standards_construction_type, building_category, construction FROM envelope_requirements_90_1 WHERE (climate_zone_set LIKE '%4%' OR climate_zone_set LIKE '%5%') AND (intended_surface_type LIKE '%Wall%' OR intended_surface_type LIKE '%Roof%')"
"What are the maximum U-values for walls and roofs in IECC, specifically for residential buildings?","SELECT id, template, climate_zone_set, intended_surface_type, standards_construction_type, building_category, assembly_maximum_u_value FROM envelope_requirements_IECC WHERE (intended_surface_type LIKE '%Wall%' OR intended_surface_type LIKE '%Roof%') AND building_category LIKE '%Residential%'"
How do the lighting power densities compare between retail spaces and warehouses in IECC?,"SELECT id, lighting_primary_space_type, lighting_power_density FROM level_3_lighting_IECC_2006 WHERE (lighting_primary_space_type LIKE '%Retail%' OR lighting_primary_space_type LIKE '%Warehouse%')"
"How do the envelope requirements for buildings in climate zone 7 compare to those in climate zone 8, specifically for walls and roofs?","SELECT id, template, climate_zone_set, intended_surface_type, standards_construction_type FROM envelope_requirements_90_1 WHERE (climate_zone_set LIKE '%7%' OR climate_zone_set LIKE '%8%') AND (intended_surface_type LIKE '%Wall%' OR intended_surface_type LIKE '%Roof%')"
"What are the maximum solar heat gain coefficients for windows in IECC, specifically for residential buildings?","SELECT id, template, climate_zone_set, intended_surface_type, assembly_maximum_solar_heat_gain_coefficient FROM envelope_requirements_IECC WHERE (intended_surface_type LIKE '%Window%') AND building_category LIKE '%Residential%'"
Which climate zones have the most stringent envelope requirements for walls in ASHRAE 90.1-2013 standards?,"SELECT id, template, climate_zone_set, intended_surface_type, assembly_maximum_u_value FROM envelope_requirements_90_1 WHERE intended_surface_type LIKE '%Wall%' AND template = '90.1-2013' ORDER BY assembly_maximum_u_value ASC"
What are the envelope requirements for residential buildings in climate zones 6 and 7 under ASHRAE 90.1-2010 standards?,"SELECT id, template, climate_zone_set, intended_surface_type, standards_construction_type, building_category FROM envelope_requirements_90_1 WHERE (climate_zone_set LIKE '%6%' OR climate_zone_set LIKE '%7%') AND building_category LIKE '%Residential%' AND template = '90.1-2010'"
Which equipment types have the highest minimum annual fuel utilization efficiency in ASHRAE 90.1-2019 standards?,"SELECT equipment_type, minimum_annual_fuel_utilization_efficiency FROM hvac_minimum_requirements_furnaces_90_1 WHERE template = '90.1-2019' ORDER BY minimum_annual_fuel_utilization_efficiency DESC"
How do the ventilation rates compare between educational spaces and office spaces in terms of per-person and occupancy assumptions?,"SELECT ventilation_primary_space_type, ventilation_secondary_space_type, ventilation_rate_occupant, ventilation_rate_area, occupancy_per_area FROM level_3_ventilation_62_1_1999 WHERE (ventilation_primary_space_type LIKE '%Education%' OR ventilation_primary_space_type LIKE '%Office%') ORDER BY ventilation_rate_occupant DESC"
Which climate zones have the most restrictive envelope requirements for roofs in terms of U-values and solar heat gain coefficients?,"SELECT climate_zone_set, intended_surface_type, assembly_maximum_u_value, assembly_maximum_solar_heat_gain_coefficient FROM envelope_requirements_90_1 WHERE intended_surface_type LIKE '%Roof%' AND (climate_zone_set LIKE '%7%' OR climate_zone_set LIKE '%8%') ORDER BY assembly_maximum_u_value ASC"
What are the energy recovery requirements for heating and cooling design conditions in cold climates (zones 6-8) for ASHRAE 90.1-2013?,"SELECT template, climate_zone, design_conditions, under_8000_hours, percent_oa_30_to_40, percent_oa_40_to_50, percent_oa_50_to_60, energy_recovery_effectiveness FROM system_requirements_energy_recovery_90_1 WHERE (climate_zone LIKE '%6%' OR climate_zone LIKE '%7%' OR climate_zone LIKE '%8%') AND template = '90.1-2013' ORDER BY climate_zone"
How do the envelope requirements differ between walls and roofs in terms of U-values and solar heat gain coefficients for ASHRAE 90.1-2013?,"SELECT template, intended_surface_type, assembly_maximum_u_value, assembly_maximum_solar_heat_gain_coefficient FROM envelope_requirements_90_1 WHERE (intended_surface_type LIKE '%Wall%' OR intended_surface_type LIKE '%Roof%') AND template = '90.1-2013' ORDER BY assembly_maximum_u_value ASC"
What are the ventilation requirements for educational spaces in terms of per-person and occupancy assumptions for ASHRAE 62.1-1999?,"SELECT ventilation_primary_space_type, ventilation_secondary_space_type, ventilation_rate_occupant, ventilation_rate_area, occupancy_per_area FROM level_3_ventilation_62_1_1999 WHERE ventilation_primary_space_type LIKE '%Education%' ORDER BY ventilation_rate_occupant DESC"
Which climate zones have the most lenient envelope requirements for walls in terms of U-values and solar heat gain coefficients for IECC?,"SELECT climate_zone_set, intended_surface_type, assembly_maximum_u_value, assembly_maximum_solar_heat_gain_coefficient FROM envelope_requirements_IECC WHERE intended_surface_type LIKE '%Wall%' AND (climate_zone_set LIKE '%3%' OR climate_zone_set LIKE '%4%') ORDER BY assembly_maximum_u_value DESC"
"What are the envelope requirements for commercial buildings in climate zones 3 and 4, with a focus on roofs and walls?","SELECT id, template, climate_zone_set, intended_surface_type, standards_construction_type, building_category, construction FROM envelope_requirements_90_1 WHERE (climate_zone_set LIKE '%3%' OR climate_zone_set LIKE '%4%') AND (intended_surface_type LIKE '%Roof%' OR intended_surface_type LIKE '%Wall%')"
"Which space types have the highest lighting power densities in the 2016 ASHRAE 90.1 standard, and what are their control requirements?","SELECT lighting_primary_space_type, lighting_secondary_space_type, lighting_power_density, automatic_daylight_responsive_controls_for_sidelighting, automatic_partial_off, automatic_full_off, annotation FROM level_3_lighting_90_1_2016 WHERE lighting_power_density > 1.0 ORDER BY lighting_power_density DESC"
"What are the lighting requirements for sports and entertainment venues in the 2016 ASHRAE 90.1 standard, and how do they compare to other space types?","SELECT lighting_primary_space_type, lighting_secondary_space_type, method, lighting_power_density, rcr_threshold, automatic_full_off, annotation FROM level_3_lighting_90_1_2016 WHERE (lighting_primary_space_type LIKE '%Sports%' OR lighting_primary_space_type LIKE '%Entertainment%') ORDER BY lighting_power_density DESC"
"What are the envelope requirements for buildings in climate zones 5 and 6, with a focus on walls and floors?","SELECT id, template, climate_zone_set, intended_surface_type, standards_construction_type, building_category, construction FROM envelope_requirements_IECC WHERE (climate_zone_set LIKE '%5%' OR climate_zone_set LIKE '%6%') AND (intended_surface_type LIKE '%Wall%' OR intended_surface_type LIKE '%Floor%')"
What are the fan power allowances for energy recovery components in supply and exhaust systems in the 2025 ASHRAE 90.1 standard?,"SELECT template, air_system, air_system_component, fan_system, minimum_capacity, maximum_capacity, fan_power_allowance, annotation FROM system_requirements_fan_power_allowance_90_1 WHERE (air_system_component LIKE '%recovery%' OR air_system_component LIKE '%enthalpy%' OR air_system_component LIKE '%run-around%') AND template = '90.1-2025' ORDER BY fan_power_allowance DESC"
What are the envelope requirements for walls in climate zones 4 and 5 according to ASHRAE 90.1?,"SELECT id, template, climate_zone_set, intended_surface_type, assembly_maximum_u_value, annotation FROM envelope_requirements_90_1 WHERE (climate_zone_set LIKE '%4%' OR climate_zone_set LIKE '%5%') AND intended_surface_type LIKE '%Wall'"
Which space types have the highest lighting power densities and require automatic partial-off controls according to IECC?,"SELECT lighting_primary_space_type, lighting_power_density, automatic_partial_off, annotation FROM level_3_lighting_90_1_2016 WHERE automatic_partial_off = 'REQ' AND lighting_power_density > 1.0 ORDER BY lighting_power_density DESC"
What are the fan power allowances for systems with MERV 13-16 filters in ASHRAE 90.1?,"SELECT template, air_system_component, minimum_capacity, maximum_capacity, fan_power_allowance, annotation FROM system_requirements_fan_power_allowance_90_1 WHERE air_system_component LIKE '%MERV 13 to MERV 16 filter%'"
Which building types have the most stringent envelope requirements for roofs according to ASHRAE 90.1?,"SELECT id, template, climate_zone_set, intended_surface_type, assembly_maximum_u_value, annotation FROM envelope_requirements_90_1 WHERE intended_surface_type LIKE '%Roof%' AND assembly_maximum_u_value < 0.05 ORDER BY assembly_maximum_u_value ASC"
What are the ventilation rates for spaces with Air Class 2 (higher contamination) according to ASHRAE 62.1-2004?,"SELECT ventilation_primary_space_type, air_class, ventilation_rate_occupant, ventilation_rate_area, annotation FROM level_3_ventilation_62_1_2004 WHERE air_class = 2 ORDER BY ventilation_rate_area DESC"
Which sports and entertainment venues have the highest lighting power densities and require automatic daylight responsive controls according to ASHRAE 90.1-2016?,"SELECT lighting_primary_space_type, lighting_power_density, automatic_daylight_responsive_controls_for_sidelighting, annotation FROM level_3_lighting_90_1_2016 WHERE (lighting_primary_space_type LIKE '%Sports%' OR lighting_primary_space_type LIKE '%Religious%' OR lighting_primary_space_type LIKE '%Convention%') AND lighting_power_density > 1.0 AND automatic_daylight_responsive_controls_for_sidelighting = 'REQ' ORDER BY lighting_power_density DESC"
Which equipment types have the highest integrated part load values according to ASHRAE 90.1?,"SELECT template, compressor_type, minimum_capacity, maximum_capacity, minimum_integrated_part_load_value, annotation FROM hvac_minimum_requirements_chillers_90_1 WHERE minimum_integrated_part_load_value > 0.8 ORDER BY minimum_integrated_part_load_value DESC"
What are the lighting power densities for office spaces with automatic partial-off controls according to ASHRAE 90.1-2013?,"SELECT lighting_primary_space_type, lighting_power_density, automatic_partial_off, annotation FROM level_3_lighting_90_1_2013 WHERE lighting_primary_space_type LIKE '%Office%' AND automatic_partial_off = 'REQ'"
What are the maximum permitted assembly U-values for residential exterior walls in Climate Zone 6 according to ASHRAE 90.1-2004?,"SELECT assembly_maximum_u_value, assembly_maximum_u_value_unit FROM envelope_requirements_90_1 WHERE template = '90.1-2004' AND climate_zone_set LIKE '%6%' AND intended_surface_type LIKE '%Wall%' AND standards_construction_type = 'Mass' AND building_category = 'Residential'"
How do the assembly maximum solar heat gain coefficients (SHGC) for commercial skylights differ between Climate Zones 2 and 5 under ASHRAE 90.1-2016?,"SELECT template, climate_zone_set, intended_surface_type, assembly_maximum_solar_heat_gain_coefficient FROM envelope_requirements_90_1 WHERE template = '90.1-2016' AND (climate_zone_set LIKE '%2%' OR climate_zone_set LIKE '%5%') AND intended_surface_type LIKE '%Skylight%'"
What are the control requirements for laboratory spaces under ASHRAE 90.1-2019?,"SELECT lighting_primary_space_type, lighting_secondary_space_type, automatic_full_off, scheduled_shutoff FROM level_3_lighting_90_1_2019 WHERE lighting_primary_space_type LIKE '%Laboratory%'"
Which space types in the ASHRAE 90.1-2010 standard have lighting power densities above 1.2 W/ft² and require automatic full-off controls?,"SELECT lighting_primary_space_type, lighting_power_density, automatic_full_off, annotation FROM level_3_lighting_90_1_2010 WHERE lighting_power_density > 1.2 AND automatic_full_off = 'REQ'"
How do the envelope requirements for walls in climate zones 4 and 5 compare to those in climate zone 7 in terms of maximum U-value?,"SELECT intended_surface_type, assembly_maximum_u_value, climate_zone_set FROM envelope_requirements_90_1 WHERE (climate_zone_set LIKE '%4%' OR climate_zone_set LIKE '%5%') AND intended_surface_type LIKE '%Wall'"
Which building categories have electric equipment loads above 0.5 W/ft² and generate latent heat gains in the ASHRAE 90.1-2013 standard?,"SELECT electric_equipment_space_type_name, electric_equipment_average_epd, electric_equipment_fraction_latent FROM level_2_electric_equipment WHERE electric_equipment_average_epd > 0.5 AND electric_equipment_fraction_latent > 0"
What's the performance difference between standard and high-efficiency single-package heat pumps for mid-size applications across different rating conditions in the ASHRAE 90.1-2010 standard?,"SELECT template, equipment_type, subcategory, rating_condition, minimum_capacity, maximum_capacity, minimum_coefficient_of_performance_heating FROM hvac_minimum_requirements_heat_pumps_heating_90_1 WHERE ((equipment_type = 'Heat Pumps' AND subcategory = 'Single Package') OR (equipment_type = 'High-Efficiency Heat Pumps')) AND minimum_capacity <= 65000 AND maximum_capacity >= 30000"
Which space types in the ASHRAE 90.1-2013 standard have natural gas equipment loads above 0.2 W/ft² and generate radiant heat gains?,"SELECT natural_gas_equipment_space_type_name, natural_gas_equipment_average_epd, natural_gas_equipment_fraction_radiant FROM level_2_natural_gas_equipment WHERE natural_gas_equipment_average_epd > 0.2 AND natural_gas_equipment_fraction_radiant > 0"
How do the envelope requirements for roofs in climate zones 3 and 4 compare to those in climate zone 6 in terms of maximum solar heat gain coefficient?,"SELECT intended_surface_type, assembly_maximum_solar_heat_gain_coefficient, climate_zone_set FROM envelope_requirements_90_1 WHERE (climate_zone_set LIKE '%3%' OR climate_zone_set LIKE '%4%') AND intended_surface_type LIKE '%Roof'"
What are the maximum U-values for walls in climate zones 4 and 5 in IECC?,"SELECT intended_surface_type, assembly_maximum_u_value FROM envelope_requirements_IECC WHERE (climate_zone_set LIKE '%4%' OR climate_zone_set LIKE '%5%') AND intended_surface_type LIKE '%Wall'"
How do the control requirements for facilities serving visually impaired populations compare to general spaces in ASHRAE 90.1-2013?,"SELECT lighting_primary_space_type, lighting_secondary_space_type, automatic_full_off, scheduled_shutoff FROM level_3_lighting_90_1_2013 WHERE (lighting_primary_space_type LIKE '%Visually Impaired%' OR lighting_secondary_space_type LIKE '%visually impaired%') OR (lighting_primary_space_type IN ('Lobby', 'Dormitory Living Quarters'))"
"What are the most commonly referenced ventilation definition IDs for office spaces in ASHRAE 90.1-2010, and which standard tables do they belong to?","SELECT level_3_ventilation_definition_id, level_3_ventilation_definition_table, COUNT(*) as space_types_using_this_id FROM level_2_ventilation_space_types WHERE ventilation_space_type_name LIKE '%Office%' GROUP BY level_3_ventilation_definition_id, level_3_ventilation_definition_table HAVING COUNT(*) > 1"
What are the minimum part load efficiency requirements for water-cooled screw chillers installed in 2015 or later in IECC?,"SELECT template, cooling_type, compressor_type, minimum_capacity, maximum_capacity, start_date, end_date, minimum_integrated_part_load_value FROM hvac_minimum_requirements_chillers_IECC WHERE template = 'IECC-2015' AND cooling_type = 'WaterCooled' AND compressor_type = 'Rotary Screw' AND start_date >= 2015"
What are the maximum solar heat gain coefficients for roofs in climate zones 6 and 7 in ASHRAE 90.1-2010?,"SELECT intended_surface_type, assembly_maximum_solar_heat_gain_coefficient FROM envelope_requirements_90_1 WHERE (climate_zone_set LIKE '%6%' OR climate_zone_set LIKE '%7%') AND intended_surface_type LIKE '%Roof'"
How do the control requirements for natural gas equipment compare to electric equipment in ASHRAE 90.1-2013?,"SELECT space_type_name, natural_gas_equipment_space_type_name, electric_equipment_space_type_name FROM level_1_space_types WHERE natural_gas_equipment_space_type_name IS NOT NULL OR electric_equipment_space_type_name IS NOT NULL"
What are the minimum visible transmittance requirements for windows in climate zones 3 and 4 in IECC?,"SELECT intended_surface_type, assembly_minimum_visible_transmittance FROM envelope_requirements_IECC WHERE (climate_zone_set LIKE '%3%' OR climate_zone_set LIKE '%4%') AND intended_surface_type LIKE '%Window'"
What are the envelope requirements for roofs in climate zones 4 or 5 under ASHRAE 90.1-2013?,"SELECT id, template, climate_zone_set, intended_surface_type, assembly_maximum_u_value FROM envelope_requirements_90_1 WHERE (climate_zone_set LIKE '%4%' OR climate_zone_set LIKE '%5%') AND intended_surface_type LIKE '%Roof%' ORDER BY assembly_maximum_u_value"
What SCOP is required for a 100 kBtu/hr air cooled downflow computer room air conditioner installed in 2010?,"SELECT template, cooling_type, standard_model, rating_condition, minimum_capacity, maximum_capacity, minimum_scop, annotation FROM hvac_minimum_requirements_computer_room_air_conditioners_90_1 WHERE cooling_type LIKE '%AirCooled%' AND minimum_capacity <= 100000 AND maximum_capacity >= 100000 AND template = '90.1-2010' ORDER BY cooling_type, standard_model"
How do the efficiency requirements differ between enclosed and open motor designs for the same horsepower range under ASHRAE 90.1-2007?,"SELECT template, type, number_of_poles, synchronous_speed, minimum_capacity, maximum_capacity, nominal_full_load_efficiency, annotation FROM hvac_minimum_requirements_motors_90_1 WHERE minimum_capacity <= 25 AND maximum_capacity >= 15 AND template = '90.1-2007' AND type IN ('Enclosed', 'Open') ORDER BY type, number_of_poles, minimum_capacity"
What are the envelope requirements for walls in climate zones 7 or 8 under IECC?,"SELECT id, template, climate_zone_set, intended_surface_type, assembly_maximum_u_value FROM envelope_requirements_IECC WHERE (climate_zone_set LIKE '%7%' OR climate_zone_set LIKE '%8%') AND intended_surface_type LIKE '%Wall%' ORDER BY assembly_maximum_u_value"
Which space types have supplemental lighting allowances or special control requirements under ASHRAE 90.1-2004?,"SELECT lighting_primary_space_type, lighting_secondary_space_type, lighting_power_density, supplemental_lighting_power_density, automatic_full_off, scheduled_shutoff, method, annotation FROM level_3_lighting_90_1_2004 WHERE supplemental_lighting_power_density IS NOT NULL OR automatic_full_off IS NOT NULL OR scheduled_shutoff IS NOT NULL ORDER BY lighting_power_density DESC"
What are the envelope requirements for floors in climate zones 3 or 4 under ASHRAE 90.1-2007?,"SELECT id, template, climate_zone_set, intended_surface_type, assembly_maximum_u_value FROM envelope_requirements_90_1 WHERE (climate_zone_set LIKE '%3%' OR climate_zone_set LIKE '%4%') AND intended_surface_type LIKE '%Floor%' ORDER BY assembly_maximum_u_value"
What are the envelope requirements for commercial buildings in Climate Zone 4 or 5 with roof intended surface type?,"SELECT id, template, climate_zone_set, intended_surface_type, standards_construction_type, building_category, construction FROM envelope_requirements_90_1 WHERE (climate_zone_set LIKE '%4%' OR climate_zone_set LIKE '%5%') AND intended_surface_type LIKE '%Roof%' ORDER BY assembly_maximum_u_value"
How do residential buildings in Climate Zone 3 or 4 vary in their envelope requirements for walls with insulation layers?,"SELECT id, template, climate_zone_set, intended_surface_type, standards_construction_type, building_category, construction, assembly_maximum_u_value FROM envelope_requirements_IECC WHERE (climate_zone_set LIKE '%3%' OR climate_zone_set LIKE '%4%') AND intended_surface_type LIKE '%Wall%' ORDER BY assembly_maximum_u_value"
Which ventilation space types in ASHRAE 62.1-2007 have occupancy per area greater than 10 people/1000 ft²?,"SELECT ventilation_primary_space_type, ventilation_secondary_space_type, air_class, ventilation_rate_occupant, ventilation_rate_area, occupancy_per_area FROM level_3_ventilation_62_1_2007 WHERE occupancy_per_area > 10 ORDER BY ventilation_rate_area DESC"
What are the envelope requirements for educational buildings in Climate Zone 6 or 7 with roof intended surface type and insulation layers?,"SELECT id, template, climate_zone_set, intended_surface_type, standards_construction_type, building_category, construction FROM envelope_requirements_90_1_prm WHERE (climate_zone_set LIKE '%6%' OR climate_zone_set LIKE '%7%') AND intended_surface_type LIKE '%Roof%' ORDER BY assembly_maximum_u_value"
Which lighting space types in ASHRAE 90.1-2010 have target illuminance setpoints greater than 30 fc?,"SELECT id, lighting_space_type_name, level_3_lighting_code_definition_table, level_3_lighting_code_definition_id, lighting_technology_name, lighting_space_type_target_illuminance_setpoint FROM level_2_lighting_space_types WHERE lighting_space_type_target_illuminance_setpoint > 30 ORDER BY lighting_space_type_target_illuminance_setpoint DESC"
How do commercial buildings in Climate Zone 2 or 3 vary in their envelope requirements for walls with skylight framing?,"SELECT id, template, climate_zone_set, intended_surface_type, standards_construction_type, building_category, construction FROM envelope_requirements_IECC WHERE (climate_zone_set LIKE '%2%' OR climate_zone_set LIKE '%3%') AND intended_surface_type LIKE '%Wall%' ORDER BY assembly_maximum_u_value"
"What are the envelope requirements for walls in ASHRAE 90.1-2010, and how do they vary across different climate zones?","SELECT id, template, climate_zone_set, intended_surface_type, standards_construction_type, assembly_maximum_u_value FROM envelope_requirements_90_1 WHERE template LIKE '%90.1-2010%' AND intended_surface_type LIKE '%Wall%' ORDER BY climate_zone_set"
"Which space types in IECC have the highest lighting power densities, and what are their corresponding lighting primary space types?","SELECT lighting_primary_space_type, lighting_secondary_space_type, lighting_power_density FROM level_3_lighting_IECC_2006 WHERE lighting_power_density >= 1.0 ORDER BY lighting_power_density DESC"
How do the outdoor air percentage thresholds for energy recovery requirements differ between humid and dry climate zones in ASHRAE 90.1-2010?,"SELECT template, climate_zone, design_conditions, percent_oa_30_to_40, percent_oa_40_to_50 FROM system_requirements_energy_recovery_90_1 WHERE template LIKE '%90.1-2010%' AND (climate_zone LIKE '%A%' OR climate_zone LIKE '%B%') ORDER BY climate_zone"
"Which building types have the highest ventilation rates in ASHRAE 62.1-2007, and what are their corresponding ventilation primary space types?","SELECT ventilation_primary_space_type, ventilation_secondary_space_type, ventilation_rate_occupant FROM level_3_ventilation_62_1_2007 WHERE ventilation_rate_occupant >= 10 ORDER BY ventilation_rate_occupant DESC"
"How do the envelope requirements for roofs vary across different climate zones in IECC, and what are their corresponding standards construction types?","SELECT id, template, climate_zone_set, intended_surface_type, standards_construction_type FROM envelope_requirements_IECC WHERE intended_surface_type LIKE '%Roof%' ORDER BY climate_zone_set"
"What are the lighting power densities for office spaces in ASHRAE 90.1-2010, and how do they compare to other space types?","SELECT lighting_primary_space_type, lighting_secondary_space_type, lighting_power_density FROM level_3_lighting_IECC_2006 WHERE lighting_primary_space_type LIKE '%Office%' ORDER BY lighting_power_density DESC"
"Which climate zones have the most stringent energy recovery requirements in ASHRAE 90.1-2010, and what are their corresponding percent outdoor air thresholds?","SELECT template, climate_zone, design_conditions, percent_oa_30_to_40 FROM system_requirements_energy_recovery_90_1 WHERE template LIKE '%90.1-2010%' AND percent_oa_30_to_40 < 5000 ORDER BY percent_oa_30_to_40"
"What are the envelope requirements for walls in climate zones 4 and 5 in IECC, and how do they vary across different standards construction types?","SELECT id, template, climate_zone_set, intended_surface_type, standards_construction_type FROM envelope_requirements_IECC WHERE (climate_zone_set LIKE '%4%' OR climate_zone_set LIKE '%5%') AND intended_surface_type LIKE '%Wall%' ORDER BY standards_construction_type"
Which space types in the 2010 PRM baseline require automatic daylight responsive controls for sidelighting and have lighting power densities above 1.2 W/ft²?,"SELECT lighting_primary_space_type, lighting_secondary_space_type, method, lighting_power_density, rcr_threshold, automatic_daylight_responsive_controls_for_sidelighting FROM level_3_lighting_90_1_2010_prm WHERE lighting_power_density > 1.2 AND automatic_daylight_responsive_controls_for_sidelighting = 'REQ'"
"What are the most commonly referenced ventilation definition IDs across all space types in ASHRAE 62.1-2004, and which standard tables do they belong to?","SELECT level_3_ventilation_definition_id, level_3_ventilation_definition_table, COUNT(*) as space_types_using_this_id FROM level_2_ventilation_space_types GROUP BY level_3_ventilation_definition_id, level_3_ventilation_definition_table HAVING COUNT(*) > 1 ORDER BY space_types_using_this_id DESC"
Which space types in ASHRAE 90.1-2019 require automatic full-off controls and have lighting power densities above 0.8 W/ft²?,"SELECT lighting_primary_space_type, lighting_secondary_space_type, method, lighting_power_density, rcr_threshold, automatic_full_off FROM level_3_lighting_90_1_2019 WHERE lighting_power_density > 0.8 AND automatic_full_off = 'REQ'"
What are the envelope requirements for residential buildings in climate zones 6 or 7 with wall constructions under ASHRAE 90.1-2019?,"SELECT id, template, climate_zone_set, intended_surface_type, standards_construction_type, assembly_maximum_u_value FROM envelope_requirements_90_1 WHERE (climate_zone_set LIKE '%6%' OR climate_zone_set LIKE '%7%') AND building_category = 'Residential' AND intended_surface_type LIKE '%Wall%'"
"What are the efficiency requirements for any oil-fired furnace between 200,000-300,000 Btu/hr under ASHRAE 90.1-2019 standards?","SELECT template, equipment_type, fuel_type, subtype, minimum_capacity, maximum_capacity, minimum_annual_fuel_utilization_efficiency FROM hvac_minimum_requirements_furnaces_90_1 WHERE fuel_type = 'Oil' AND minimum_capacity <= 300000 AND maximum_capacity >= 200000"
"What are the maximum U-values for walls in climate zones 5 or 6, and what standards construction types do they use?","SELECT intended_surface_type, assembly_maximum_u_value, assembly_maximum_u_value_unit, standards_construction_type FROM envelope_requirements_90_1 WHERE (climate_zone_set LIKE '%5%' OR climate_zone_set LIKE '%6%') AND intended_surface_type LIKE '%Wall' ORDER BY assembly_maximum_u_value"
"Which space types have the highest target illuminance setpoints for retail spaces, and what lighting technologies do they use?","SELECT DISTINCT lighting_space_type_name, MAX(lighting_space_type_target_illuminance_setpoint) as max_illuminance, lighting_technology_name FROM level_2_lighting_space_types WHERE lighting_space_type_name LIKE '%Retail%' GROUP BY lighting_space_type_name, lighting_technology_name ORDER BY max_illuminance DESC"
"What are the envelope requirements for roofs in IECC, and how do they vary by building category?","SELECT intended_surface_type, standards_construction_type, building_category, assembly_maximum_u_value, assembly_maximum_u_value_unit FROM envelope_requirements_IECC WHERE intended_surface_type LIKE '%Roof%' ORDER BY building_category"
"What are the lighting power densities for sports and entertainment venues in ASHRAE 90.1-2013, and how do they vary by facility class or type?","SELECT lighting_primary_space_type, lighting_secondary_space_type, lighting_power_density FROM level_3_lighting_90_1_2013 WHERE (lighting_primary_space_type LIKE '%Sports%' OR lighting_primary_space_type LIKE '%Entertainment%') ORDER BY lighting_power_density DESC"
What are the minimum U-values for walls in climate zones 4 and 5 according to ASHRAE 90.1?,"SELECT id, template, climate_zone_set, intended_surface_type, assembly_maximum_u_value FROM envelope_requirements_90_1 WHERE (climate_zone_set LIKE '%4%' OR climate_zone_set LIKE '%5%') AND intended_surface_type LIKE '%Wall'"
How do the illuminance requirements for retail spaces vary between ASHRAE 90.1 and IECC?,"SELECT lighting_space_type_name, level_3_lighting_code_definition_table, lighting_space_type_target_illuminance_setpoint FROM level_2_lighting_space_types WHERE lighting_space_type_name LIKE '%Retail%'"
Which construction types have the highest maximum U-values for floors in IECC?,"SELECT id, template, climate_zone_set, intended_surface_type, assembly_maximum_u_value FROM envelope_requirements_IECC WHERE intended_surface_type LIKE '%Floor%' ORDER BY assembly_maximum_u_value DESC"
What are the envelope requirements for walls in climate zones 4 and 5 under ASHRAE 90.1-2010?,"SELECT id, template, climate_zone_set, intended_surface_type, standards_construction_type, assembly_maximum_u_value FROM envelope_requirements_90_1 WHERE (climate_zone_set LIKE '%4%' OR climate_zone_set LIKE '%5%') AND intended_surface_type LIKE '%Wall%'"
What are the ventilation requirements for spaces with high occupancy density (>100 ppl/1000 ft²) under ASHRAE 62.1-2007?,"SELECT ventilation_primary_space_type, ventilation_secondary_space_type, ventilation_rate_occupant, ventilation_rate_area, occupancy_per_area, air_class, annotation FROM level_3_ventilation_62_1_2007 WHERE occupancy_per_area > 100 AND ventilation_rate_occupant > 5"
Which support constructions have insulation layers and are intended for exterior walls?,"SELECT name, intended_surface_type, standards_construction_type, insulation_layer, material_1, material_2 FROM support_constructions WHERE intended_surface_type LIKE '%Wall%' AND insulation_layer IS NOT NULL"
How have the envelope requirements evolved over different IECC versions for roofs in climate zone 6?,"SELECT template, climate_zone_set, intended_surface_type, standards_construction_type, assembly_maximum_u_value FROM envelope_requirements_IECC WHERE climate_zone_set LIKE '%6%' AND intended_surface_type LIKE '%Roof%'"
What are the efficiency trade-offs between fan types (Centrifugal vs Propeller/Axial) for cooling towers under ASHRAE 90.1-2010?,"SELECT template, equipment_type, fan_type, minimum_performance_gpm_per_hp, minimum_performance_btu_per_hr_per_hp, annotation FROM hvac_minimum_requirements_heat_rejection_90_1 WHERE equipment_type LIKE '%Cooling Tower%' AND minimum_performance_gpm_per_hp IS NOT NULL AND fan_type IS NOT NULL"
Which space types have both high occupancy density (>100 ppl/1000 ft²) and require significant per-person ventilation rates under ASHRAE 62.1-2010?,"SELECT ventilation_primary_space_type, ventilation_secondary_space_type, ventilation_rate_occupant, ventilation_rate_area, occupancy_per_area, air_class, annotation FROM level_3_ventilation_62_1_2010 WHERE occupancy_per_area > 100 AND ventilation_rate_occupant > 5"
What are the envelope requirements for floors in climate zones 7 and 8 under IECC-2021?,"SELECT id, template, climate_zone_set, intended_surface_type, standards_construction_type, assembly_maximum_u_value FROM envelope_requirements_IECC WHERE (climate_zone_set LIKE '%7%' OR climate_zone_set LIKE '%8%') AND intended_surface_type LIKE '%Floor%' AND template LIKE '%IECC-2021%'"
What are the maximum U-values allowed for walls in residential buildings under IECC standards in climate zones 7-8?,"SELECT intended_surface_type, standards_construction_type, building_category, assembly_maximum_u_value, assembly_minimum_visible_transmittance FROM envelope_requirements_IECC WHERE (climate_zone_set LIKE '%7%' OR climate_zone_set LIKE '%8%') AND building_category LIKE '%Residential%' AND intended_surface_type LIKE '%Wall'"
How do the envelope requirements for windows differ between ASHRAE 90.1 and IECC standards for residential buildings in climate zone 5?,"SELECT intended_surface_type, standards_construction_type, building_category, assembly_maximum_u_value, assembly_minimum_visible_transmittance FROM envelope_requirements_90_1 WHERE (climate_zone_set LIKE '%5%') AND building_category LIKE '%Residential%' AND intended_surface_type LIKE '%Window%' AND template IN ('90.1-2016', '90.1-2019', 'IECC-2018')"
What are the maximum U-values for walls in climate zones 4 and 5 according to ASHRAE 90.1 standards?,"SELECT id, template, climate_zone_set, intended_surface_type, assembly_maximum_u_value FROM envelope_requirements_90_1 WHERE (climate_zone_set LIKE '%4%' OR climate_zone_set LIKE '%5%') AND intended_surface_type LIKE '%Wall'"
How do the fan power allowances compare between different filtration levels across various system capacities in the 90.1 standard?,"SELECT template, air_system_component, minimum_capacity, maximum_capacity, fan_power_allowance FROM system_requirements_fan_power_allowance_90_1 WHERE air_system_component IN ('Filter not higher than MERV 12', 'MERV 13 to MERV 16 filter') ORDER BY minimum_capacity"
What are the efficiency improvements between different versions of ASHRAE 90.1 standards for air-cooled condensing units?,"SELECT template, equipment_type, cooling_type, minimum_capacity, maximum_capacity, minimum_energy_efficiency_ratio FROM hvac_minimum_requirements_unitary_air_conditioners_90_1 WHERE equipment_type = 'Condensing Units' AND cooling_type = 'AirCooled' ORDER BY template"
What are the envelope requirements for roofs in climate zones 6 and 7 according to IECC standards?,"SELECT id, template, climate_zone_set, intended_surface_type, assembly_maximum_u_value FROM envelope_requirements_IECC WHERE (climate_zone_set LIKE '%6%' OR climate_zone_set LIKE '%7%') AND intended_surface_type LIKE '%Roof'"
What are the maximum solar heat gain coefficients for windows in climate zones 3 and 4 according to ASHRAE 90.1 standards?,"SELECT id, template, climate_zone_set, intended_surface_type, assembly_maximum_solar_heat_gain_coefficient FROM envelope_requirements_90_1 WHERE (climate_zone_set LIKE '%3%' OR climate_zone_set LIKE '%4%') AND intended_surface_type LIKE '%Window'"
Which space types have the highest variability in electric equipment loads and what are their heat gain characteristics?,"SELECT electric_equipment_space_type_name, electric_equipment_minimum_epd, electric_equipment_maximum_epd, (electric_equipment_maximum_epd - electric_equipment_minimum_epd) as epd_range FROM level_2_electric_equipment WHERE electric_equipment_maximum_epd > electric_equipment_minimum_epd ORDER BY epd_range DESC"
What are the envelope requirements for walls in climate zones 5 and 6 according to IECC standards?,"SELECT id, template, climate_zone_set, intended_surface_type, assembly_maximum_u_value FROM envelope_requirements_IECC WHERE (climate_zone_set LIKE '%5%' OR climate_zone_set LIKE '%6%') AND intended_surface_type LIKE '%Wall'"
What are the envelope requirements for walls in climate zones 4 or 5 according to ASHRAE 90.1-2010?,"SELECT id, template, climate_zone_set, intended_surface_type, assembly_maximum_u_value FROM envelope_requirements_90_1 WHERE (climate_zone_set LIKE '%4%' OR climate_zone_set LIKE '%5%') AND intended_surface_type LIKE '%Wall'"
Which space types in the PRM baseline have electric equipment loads above 0.5 W/ft² and generate latent heat gains?,"SELECT electric_equipment_space_type_name, electric_equipment_average_epd, electric_equipment_median_epd, electric_equipment_fraction_latent FROM level_2_electric_equipment WHERE electric_equipment_average_epd > 0.5 AND electric_equipment_fraction_latent > 0"
How has the efficiency requirement evolved over different IECC versions for high-speed 2-pole motors in the 20-30 HP range?,"SELECT template, number_of_poles, synchronous_speed, type, minimum_capacity, maximum_capacity, nominal_full_load_efficiency FROM hvac_minimum_requirements_motors_IECC WHERE minimum_capacity <= 30 AND maximum_capacity >= 20 AND number_of_poles = 2 ORDER BY template"
What are the envelope requirements for roofs in climate zones 7 or 8 according to ASHRAE 90.1-2013?,"SELECT id, template, climate_zone_set, intended_surface_type, assembly_maximum_u_value FROM envelope_requirements_90_1_prm WHERE (climate_zone_set LIKE '%7%' OR climate_zone_set LIKE '%8%') AND intended_surface_type LIKE '%Roof'"
How do the performance characteristics of Single Package Variable Heat Pumps (SPVHP) compare to standard heat pumps for small applications across different rating conditions?,"SELECT template, equipment_type, subcategory, rating_condition, minimum_capacity, maximum_capacity, minimum_coefficient_of_performance_heating FROM hvac_minimum_requirements_heat_pumps_heating_90_1 WHERE ((equipment_type = 'SPVHP' AND subcategory = 'Nonweatherized Space Constrained') OR (equipment_type = 'Heat Pumps' AND subcategory = 'Single Package')) AND minimum_capacity <= 20000 AND maximum_capacity >= 10000"
What are the envelope requirements for nonresidential buildings with a climate zone set of 5 or 6 according to ASHRAE 90.1-2010?,"SELECT id, template, climate_zone_set, intended_surface_type, building_category, assembly_maximum_u_value FROM envelope_requirements_90_1 WHERE (climate_zone_set LIKE '%5%' OR climate_zone_set LIKE '%6%') AND building_category = 'Nonresidential' AND template = '90.1-2010'"
How do the SEER2 requirements differ between regions for a 2-ton split system heat pump installed under IECC-2021 standards?,"SELECT equipment_type, subcategory, region, minimum_seasonal_energy_efficiency_ratio_2, start_date, end_date FROM hvac_minimum_requirements_heat_pumps_cooling_IECC WHERE equipment_type = 'Heat Pumps' AND subcategory = 'Split System' AND (minimum_capacity <= 24000 AND maximum_capacity >= 24000) AND template = 'IECC-2021'"
What are the envelope requirements for residential buildings with a roof intended surface type in Climate Zone 7 according to IECC-2024?,"SELECT id, template, climate_zone_set, intended_surface_type, building_category, assembly_maximum_u_value FROM envelope_requirements_IECC WHERE climate_zone_set LIKE '%7%' AND intended_surface_type LIKE '%Roof%' AND building_category = 'Residential' AND template = 'IECC-2024'"
How do the HVAC minimum requirements compare between different equipment types (heat pumps and air conditioners) for a 3-ton split system installed under ASHRAE 90.1-2010 standards?,"SELECT equipment_type, subcategory, minimum_seasonal_energy_efficiency_ratio_2, start_date, end_date FROM hvac_minimum_requirements_heat_pumps_cooling_90_1 WHERE (equipment_type = 'Heat Pumps' OR equipment_type = 'Air Conditioners') AND subcategory = 'Split System' AND (minimum_capacity <= 36000 AND maximum_capacity >= 36000) AND template = '90.1-2010'"
What are the envelope requirements for nonresidential buildings with an exterior wall intended surface type in Climate Zone 4 according to IECC-2021?,"SELECT id, template, climate_zone_set, intended_surface_type, building_category, assembly_maximum_u_value FROM envelope_requirements_IECC WHERE climate_zone_set LIKE '%4%' AND intended_surface_type LIKE '%Wall%' AND building_category = 'Nonresidential' AND template = 'IECC-2021'"
How do the fan power allowances for exhaust systems compare between different filtration levels in ASHRAE 90.1-2025?,"SELECT template, air_system_component, minimum_capacity, maximum_capacity, fan_power_allowance FROM system_requirements_fan_power_allowance_90_1 WHERE template = '90.1-2025' AND air_system LIKE '%Exhaust%' ORDER BY air_system_component"
What are the required visible transmittances for skylights in residential buildings according to IECC-2018?,"SELECT assembly_minimum_visible_transmittance, climate_zone_set, intended_surface_type FROM envelope_requirements_IECC WHERE template = 'IECC-2018' AND building_category LIKE '%Residential%' AND intended_surface_type LIKE '%Skylight%'"
What are the maximum allowed U-values for residential exterior walls in Climate Zone 4 according to ASHRAE 90.1-2004?,"SELECT assembly_maximum_u_value, assembly_maximum_u_value_unit, building_category, intended_surface_type FROM envelope_requirements_90_1 WHERE template = '90.1-2004' AND climate_zone_set LIKE '%4%' AND intended_surface_type LIKE '%Wall%' AND building_category LIKE '%Residential'"
What are the envelope requirements for roofs in Climate Zone 4 under ASHRAE 90.1-2010 standards?,"SELECT id, template, climate_zone_set, intended_surface_type, assembly_maximum_u_value FROM envelope_requirements_90_1 WHERE climate_zone_set LIKE '%4%' AND intended_surface_type LIKE '%Roof%' AND template = '90.1-2010'"
Which space types have the highest electric equipment loads above 0.5 W/ft² and generate radiant heat gains?,"SELECT electric_equipment_space_type_name, electric_equipment_average_epd, electric_equipment_fraction_radiant FROM level_2_electric_equipment WHERE electric_equipment_average_epd > 0.5 AND electric_equipment_fraction_radiant > 0 ORDER BY electric_equipment_average_epd DESC"
What are the efficiency requirements for open motor designs in the 1-10 horsepower range under IECC-2018 standards?,"SELECT template, type, number_of_poles, synchronous_speed, minimum_capacity, maximum_capacity, nominal_full_load_efficiency FROM hvac_minimum_requirements_motors_IECC WHERE minimum_capacity >= 1 AND maximum_capacity <= 10 AND type = 'Open' AND template = 'IECC-2018'"
How do the SEER2 requirements differ between regions for a 2-ton split system heat pump installed under ASHRAE 90.1-2013 standards?,"SELECT template, equipment_type, subcategory, region, minimum_seasonal_energy_efficiency_ratio_2, start_date, end_date FROM hvac_minimum_requirements_heat_pumps_cooling_90_1 WHERE equipment_type = 'Heat Pumps' AND subcategory = 'Split System' AND minimum_capacity <= 24000 AND maximum_capacity >= 24000 AND template = '90.1-2013'"
What are the envelope requirements for walls in Climate Zone 5 under IECC-2021 standards?,"SELECT id, template, climate_zone_set, intended_surface_type, assembly_maximum_u_value FROM envelope_requirements_IECC WHERE climate_zone_set LIKE '%5%' AND intended_surface_type LIKE '%Wall%' AND template = 'IECC-2021'"
Which space types have the lowest variability in electric equipment loads and generate radiant heat gains?,"SELECT electric_equipment_space_type_name, electric_equipment_minimum_epd, electric_equipment_maximum_epd, (electric_equipment_maximum_epd - electric_equipment_minimum_epd) AS epd_range, electric_equipment_fraction_radiant FROM level_2_electric_equipment WHERE electric_equipment_fraction_radiant > 0 ORDER BY epd_range ASC"
What are the efficiency requirements for enclosed motor designs in the 10-20 horsepower range under ASHRAE 90.1-2010 standards?,"SELECT template, type, number_of_poles, synchronous_speed, minimum_capacity, maximum_capacity, nominal_full_load_efficiency FROM hvac_minimum_requirements_motors_90_1 WHERE minimum_capacity >= 10 AND maximum_capacity <= 20 AND type = 'Enclosed' AND template = '90.1-2010'"
What are the maximum permitted assembly U-values for residential exterior walls in Climate Zone 3A according to IECC-2015?,"SELECT assembly_maximum_u_value, assembly_maximum_u_value_unit FROM envelope_requirements_IECC WHERE template = 'IECC-2015' AND climate_zone_set LIKE '%3%' AND intended_surface_type LIKE '%Wall%' AND building_category LIKE '%Residential'"
What are the maximum permitted assembly U-values for non-residential exterior roofs in Climate Zone 5B according to IECC-2018?,"SELECT assembly_maximum_u_value, assembly_maximum_u_value_unit FROM envelope_requirements_IECC WHERE template = 'IECC-2018' AND climate_zone_set LIKE '%5%' AND intended_surface_type LIKE '%Roof%' AND building_category NOT LIKE '%Residential'"
How do the ventilation requirements differ between residential and commercial buildings in warm climates (zones 1-3) under IECC?,"SELECT id, template, climate_zone_set, intended_surface_type, standards_construction_type, assembly_maximum_u_value FROM envelope_requirements_IECC WHERE (climate_zone_set LIKE '%1%' OR climate_zone_set LIKE '%2%' OR climate_zone_set LIKE '%3%') AND building_category IN ('Residential', 'Commercial')"
Which construction types have the highest thermal transmittance values for walls in cold climates (zones 6-8) under ASHRAE 90.1-2013?,"SELECT standards_construction_type, assembly_maximum_u_value, climate_zone_set FROM envelope_requirements_90_1 WHERE (climate_zone_set LIKE '%6%' OR climate_zone_set LIKE '%7%' OR climate_zone_set LIKE '%8%') AND intended_surface_type LIKE '%Wall%' ORDER BY assembly_maximum_u_value DESC"
What are the energy recovery requirements for heating design conditions in warm climates (zones 1-3) under ASHRAE 90.1-2013?,"SELECT template, climate_zone, design_conditions, under_8000_hours, percent_oa_30_to_40 FROM system_requirements_energy_recovery_90_1 WHERE (climate_zone LIKE '%1%' OR climate_zone LIKE '%2%' OR climate_zone LIKE '%3%') AND design_conditions = 'Heating'"
Which construction types have the lowest thermal transmittance values for roofs in warm climates (zones 1-3) under ASHRAE 90.1-2013?,"SELECT standards_construction_type, assembly_maximum_u_value, climate_zone_set FROM envelope_requirements_90_1 WHERE (climate_zone_set LIKE '%1%' OR climate_zone_set LIKE '%2%' OR climate_zone_set LIKE '%3%') AND intended_surface_type LIKE '%Roof%' ORDER BY assembly_maximum_u_value ASC"
What are the envelope requirements for roofs in climate zones 3 and 4 under ASHRAE 90.1?,"SELECT id, template, climate_zone_set, intended_surface_type, assembly_maximum_u_value FROM envelope_requirements_90_1 WHERE (climate_zone_set LIKE '%3%' OR climate_zone_set LIKE '%4%') AND intended_surface_type LIKE '%Roof'"
Which space types have the highest lighting power densities in the IECC baseline and require automatic daylight responsive controls?,"SELECT lighting_primary_space_type, lighting_secondary_space_type, method, lighting_power_density, automatic_daylight_responsive_controls_for_sidelighting FROM level_3_lighting_90_1_2010_prm WHERE method = 'BA' AND (automatic_daylight_responsive_controls_for_sidelighting = 'REQ' OR automatic_daylight_responsive_controls_for_toplighting = 'REQ') ORDER BY lighting_power_density DESC"
How do the energy recovery requirements vary for different outdoor air CFM thresholds in climate zones 7 and 8 under ASHRAE 90.1?,"SELECT template, climate_zone, under_8000_hours, design_conditions, percent_oa_70_to_80, percent_oa_greater_than_80 FROM system_requirements_energy_recovery_90_1 WHERE (climate_zone LIKE '%7%' OR climate_zone LIKE '%8%') ORDER BY percent_oa_greater_than_80"
Which building types have the highest electric equipment loads and generate latent heat gains in the PRM baseline?,"SELECT electric_equipment_space_type_name, electric_equipment_average_epd, electric_equipment_median_epd, electric_equipment_fraction_latent FROM level_2_electric_equipment WHERE electric_equipment_average_epd > 0.7 AND electric_equipment_fraction_latent > 0 ORDER BY electric_equipment_average_epd DESC"
What are the envelope requirements for walls in climate zones 3 and 4 under IECC?,"SELECT id, template, climate_zone_set, intended_surface_type, assembly_maximum_u_value FROM envelope_requirements_IECC WHERE (climate_zone_set LIKE '%3%' OR climate_zone_set LIKE '%4%') AND intended_surface_type LIKE '%Wall'"
"What are the maximum U-values for walls in climate zones 4 and 5 across different standards (ASHRAE 90.1, IECC)?","SELECT template, climate_zone_set, intended_surface_type, assembly_maximum_u_value FROM envelope_requirements_90_1 WHERE (climate_zone_set LIKE '%4%' OR climate_zone_set LIKE '%5%') AND intended_surface_type LIKE '%Wall'"
What are the minimum visible transmittance requirements for windows in climate zones 3 and 4 across different standards?,"SELECT template, climate_zone_set, intended_surface_type, assembly_minimum_visible_transmittance FROM envelope_requirements_IECC WHERE (climate_zone_set LIKE '%3%' OR climate_zone_set LIKE '%4%') AND intended_surface_type LIKE '%Window'"
What are the maximum solar heat gain coefficients for skylights in IECC-2012?,"SELECT template, intended_surface_type, assembly_maximum_solar_heat_gain_coefficient FROM envelope_requirements_IECC WHERE template = 'IECC-2012' AND intended_surface_type LIKE '%Skylight%'"
Which constructions have the highest insulation layer values in ASHRAE 90.1?,"SELECT name, insulation_layer FROM support_constructions ORDER BY insulation_layer DESC LIMIT 5"
"What are the fan power allowances for different air system components in ASHRAE 90.1-2025, and how do they compare between supply and exhaust systems?","SELECT template, air_system, air_system_component, fan_system, minimum_capacity, maximum_capacity, fan_power_allowance, annotation FROM system_requirements_fan_power_allowance_90_1 WHERE (air_system LIKE '%supply%' OR air_system LIKE '%exhaust%') AND template = '90.1-2025' ORDER BY fan_power_allowance DESC, air_system;"
Which space types have both high occupancy density (>50 ppl/1000 ft²) AND require significant per-person ventilation rates in ASHRAE 62.1-2007?,"SELECT ventilation_primary_space_type, ventilation_secondary_space_type, ventilation_rate_occupant, ventilation_rate_area, occupancy_per_area, air_class, annotation FROM level_3_ventilation_62_1_2007 WHERE occupancy_per_area > 50 AND ventilation_rate_occupant > 5 ORDER BY occupancy_per_area DESC, ventilation_rate_occupant DESC;"
"What are the high limit shutoff temperatures and enthalpies for different economizer control strategies in climate zone 4A, and how have they evolved between ASHRAE 90.1-2004 and ASHRAE 90.1-2010?","SELECT template, climate_zone, data_center, fixed_dry_bulb_high_limit_shutoff_temp, fixed_enthalpy_high_limit_shutoff_enthalpy, dew_point_dry_bulb_high_limit_shutoff_dew_point_temp, dew_point_dry_bulb_high_limit_shutoff_dry_bulb_temp, annotation FROM system_requirements_air_economizer_90_1 WHERE (climate_zone LIKE '%4A%') AND template IN ('90.1-2004', '90.1-2010') ORDER BY template, data_center;"
How do the fan power allowances compare between different filtration levels across different system capacities in ASHRAE 90.1-2025?,"SELECT template, air_system_component, minimum_capacity, maximum_capacity, fan_power_allowance, fan_system, annotation FROM system_requirements_fan_power_allowance_90_1 WHERE (air_system_component LIKE '%MERV%') AND template = '90.1-2025' ORDER BY minimum_capacity, fan_power_allowance;"
Which space types require the highest illuminance levels above 400 Lux across any code version in ASHRAE 90.1?,"SELECT DISTINCT lighting_space_type_name, MAX(lighting_space_type_target_illuminance_setpoint) as max_illuminance, lighting_technology_name, lighting_space_type_target_illuminance_setpoint_unit FROM level_2_lighting_space_types WHERE lighting_space_type_target_illuminance_setpoint > 400 GROUP BY lighting_space_type_name, lighting_technology_name, lighting_space_type_target_illuminance_setpoint_unit ORDER BY max_illuminance DESC;"
"What are the envelope requirements for walls in climate zone 7 or 8, and how do they compare between ASHRAE 90.1-2010 and IECC?","SELECT id, template, climate_zone_set, intended_surface_type, standards_construction_type, building_category, construction, minimum_percent_of_surface, maximum_percent_of_surface, assembly_maximum_u_value, annotation FROM envelope_requirements_90_1 WHERE (climate_zone_set LIKE '%7%' OR climate_zone_set LIKE '%8%') AND intended_surface_type LIKE '%Wall%' AND template IN ('90.1-2010', 'IECC') ORDER BY climate_zone_set, standards_construction_type;"
How do the envelope requirements for roofs compare between different climate zones in ASHRAE 90.1-2010?,"SELECT id, template, climate_zone_set, intended_surface_type, standards_construction_type, building_category, construction, minimum_percent_of_surface, maximum_percent_of_surface, assembly_maximum_u_value, annotation FROM envelope_requirements_90_1 WHERE intended_surface_type LIKE '%Roof%' AND template = '90.1-2010' ORDER BY climate_zone_set;"
"What are the highest efficiency requirements for motors in IECC, and which design requires higher efficiency?","SELECT id, template, type, number_of_poles, synchronous_speed, minimum_capacity, maximum_capacity, nominal_full_load_efficiency FROM hvac_minimum_requirements_motors_IECC ORDER BY nominal_full_load_efficiency DESC"
"What are the ventilation requirements for educational spaces in ASHRAE 62.1-2019, and how do they compare between classrooms, labs, and auditoriums?","SELECT ventilation_primary_space_type, ventilation_secondary_space_type, ventilation_rate_occupant, ventilation_rate_area, occupancy_per_area FROM level_3_ventilation_62_1_2019 WHERE ventilation_primary_space_type LIKE '%Education%' ORDER BY ventilation_rate_occupant DESC"
"What are the lighting requirements for office spaces in ASHRAE 90.1-2019, and how do they compare between open offices, private offices, and conference rooms?","SELECT lighting_primary_space_type, lighting_secondary_space_type, lighting_power_density, automatic_full_off, scheduled_shutoff FROM level_3_lighting_90_1_2019 WHERE lighting_primary_space_type LIKE '%Office%' ORDER BY lighting_power_density DESC"
What are the fan power allowances for energy recovery components in ASHRAE 90.1-2025?,"SELECT id, template, air_system, air_system_component, fan_system, minimum_capacity, maximum_capacity, fan_power_allowance FROM system_requirements_fan_power_allowance_90_1 WHERE (air_system_component LIKE '%recovery%' OR air_system_component LIKE '%enthalpy%' OR air_system_component LIKE '%run-around%') AND template = '90.1-2025'"
How do the envelope requirements for walls compare between climate zones 3 and 4 according to IECC?,"SELECT id, template, climate_zone_set, intended_surface_type, standards_construction_type, building_category, construction, minimum_percent_of_surface, maximum_percent_of_surface FROM envelope_requirements_IECC WHERE (climate_zone_set LIKE '%3%' OR climate_zone_set LIKE '%4%') AND intended_surface_type LIKE '%Wall'"
How do the outdoor air percentage thresholds for energy recovery requirements differ between humid (A) and dry (B) climate zones in ASHRAE 90.1-2016?,"SELECT template, climate_zone, design_conditions, percent_oa_30_to_40, percent_oa_40_to_50, percent_oa_50_to_60, percent_oa_60_to_70, percent_oa_70_to_80, percent_oa_greater_than_80, energy_recovery_effectiveness FROM system_requirements_energy_recovery_90_1 WHERE template = '90.1-2016' AND (climate_zone LIKE '%A%' OR climate_zone LIKE '%B%') ORDER BY climate_zone"
Which construction types have the highest U-values for roofs in climate zone 7 under IECC-2015?,"SELECT intended_surface_type, standards_construction_type, assembly_maximum_u_value, assembly_maximum_u_value_unit FROM envelope_requirements_IECC WHERE template = 'IECC-2015' AND climate_zone_set LIKE '%7%' AND intended_surface_type LIKE '%Roof%' ORDER BY assembly_maximum_u_value DESC"
How do ground-source VRF systems compare to water-source systems in terms of cooling efficiency requirements under ASHRAE 90.1-2019?,"SELECT template, equipment_type, subcategory, minimum_capacity, maximum_capacity, minimum_energy_efficiency_ratio FROM hvac_minimum_requirements_variable_refrigerant_flow_systems_90_1 WHERE template = '90.1-2019' AND (equipment_type LIKE '%GroundSource%' OR equipment_type LIKE '%WaterSource%') ORDER BY equipment_type"
What are the envelope requirements for residential buildings in climate zone 3 under ASHRAE 90.1-2016?,"SELECT id, template, climate_zone_set, intended_surface_type, standards_construction_type, building_category, construction FROM envelope_requirements_90_1 WHERE template = '90.1-2016' AND climate_zone_set LIKE '%3%' AND building_category LIKE '%Residential'"
What are the maximum U-values for non-residential walls in Climate Zone 5 according to ASHRAE 90.1-2010?,"SELECT assembly_maximum_u_value, building_category, climate_zone_set, intended_surface_type FROM envelope_requirements_90_1 WHERE template = '90.1-2010' AND climate_zone_set LIKE '%5%' AND intended_surface_type LIKE '%Wall%' AND building_category LIKE '%Nonresidential%'"
What are the minimum projection factors for skylights in non-residential buildings according to IECC?,"SELECT assembly_maximum_f_factor, building_category, intended_surface_type FROM envelope_requirements_IECC WHERE climate_zone_set LIKE '%5%' AND intended_surface_type LIKE '%Skylight%' AND building_category LIKE '%Nonresidential%'"
Which equipment types have fan types with minimum performance GPM per HP requirements in ASHRAE 90.1-2013?,"SELECT equipment_type, fan_type, minimum_performance_gpm_per_hp FROM hvac_minimum_requirements_heat_rejection_90_1 WHERE template = '90.1-2013' AND minimum_performance_gpm_per_hp IS NOT NULL"
What are the maximum solar heat gain coefficients for southern facing non-residential glass doors in Climate Zone 7 according to ASHRAE 90.1-2004?,"SELECT assembly_maximum_solar_heat_gain_coefficient, orientation FROM envelope_requirements_90_1 WHERE template = '90.1-2004' AND climate_zone_set LIKE '%7%' AND intended_surface_type LIKE '%GlassDoor%' AND building_category LIKE '%Nonresidential%' AND orientation LIKE '%S%'"
How do the U-values for roofs vary between residential and non-residential buildings in Climate Zone 6 according to IECC?,"SELECT assembly_maximum_u_value, building_category FROM envelope_requirements_IECC WHERE climate_zone_set LIKE '%6%' AND intended_surface_type LIKE '%Roof%'"
Which space types have high ventilation rates above 0.3 cfm/ft² and rely purely on area-based ventilation in ASHRAE 62.1-2010?,"SELECT ventilation_primary_space_type, ventilation_rate_area FROM level_3_ventilation_62_1_2010 WHERE ventilation_rate_occupant = 0 AND ventilation_rate_area > 0.3"
What are the minimum visible transmittances for skylights in non-residential buildings according to ASHRAE 90.1-2007?,"SELECT assembly_minimum_visible_transmittance, building_category FROM envelope_requirements_90_1 WHERE template = '90.1-2007' AND climate_zone_set LIKE '%5%' AND intended_surface_type LIKE '%Skylight%' AND building_category LIKE '%Nonresidential%'"
Which equipment types have minimum performance BTU per HP requirements in ASHRAE 90.1-2010?,"SELECT equipment_type, minimum_performance_btu_per_hr_per_hp FROM hvac_minimum_requirements_heat_rejection_90_1 WHERE template = '90.1-2010' AND minimum_performance_btu_per_hr_per_hp IS NOT NULL"
"What are the envelope requirements for walls in climate zones 4 and 5, according to ASHRAE 90.1 standards?","SELECT id, template, climate_zone_set, intended_surface_type, assembly_maximum_u_value FROM envelope_requirements_90_1 WHERE (climate_zone_set LIKE '%4%' OR climate_zone_set LIKE '%5%') AND intended_surface_type LIKE '%Wall'"
"How do the ventilation strategies differ between spectator areas and active play areas in sports and entertainment venues, according to ASHRAE 62.1-2007 standards?","SELECT ventilation_primary_space_type, ventilation_secondary_space_type, ventilation_rate_occupant, ventilation_rate_area, occupancy_per_area FROM level_3_ventilation_62_1_2007 WHERE ventilation_primary_space_type LIKE '%Sports%' AND (ventilation_secondary_space_type LIKE '%Spectator%' OR ventilation_secondary_space_type LIKE '%Active Play%')"
"What are the envelope requirements for roofs in climate zones 6 and 7, according to IECC standards?","SELECT id, template, climate_zone_set, intended_surface_type, assembly_maximum_u_value FROM envelope_requirements_IECC WHERE (climate_zone_set LIKE '%6%' OR climate_zone_set LIKE '%7%') AND intended_surface_type LIKE '%Roof'"
How do the thermal properties of glass fiber batt insulations vary by R-value and thickness across different CEC defaults?,"SELECT name, thickness, conductivity, resistance, density FROM support_materials WHERE name LIKE '%Glass fiber batt%' AND name LIKE '%CEC Default%' ORDER BY resistance DESC, thickness"
How do the energy recovery requirements vary between ASHRAE 90.1 and IECC standards for systems with outdoor air CFM thresholds below 5000 hours?,"SELECT template, climate_zone, under_8000_hours, design_conditions, percent_oa_70_to_80, percent_oa_greater_than_80 FROM system_requirements_energy_recovery_90_1 WHERE percent_oa_greater_than_80 IS NOT NULL AND percent_oa_greater_than_80 < 5000"
"What are the envelope requirements for walls in climate zones 3 and 4, according to ASHRAE 90.1 standards, with a minimum R-value of 10?","SELECT id, template, climate_zone_set, intended_surface_type, assembly_maximum_u_value FROM envelope_requirements_90_1 WHERE (climate_zone_set LIKE '%3%' OR climate_zone_set LIKE '%4%') AND intended_surface_type LIKE '%Wall' AND assembly_maximum_u_value < 0.1"
"What are the envelope requirements for residential buildings in Climate Zone 3A according to IECC-2012, focusing on exterior walls and roofs?","SELECT id, template, climate_zone_set, intended_surface_type, standards_construction_type, building_category, assembly_maximum_u_value FROM envelope_requirements_IECC WHERE template = 'IECC-2012' AND climate_zone_set LIKE '%3%' AND (intended_surface_type LIKE '%Wall%' OR intended_surface_type LIKE '%Roof%') AND building_category = 'Residential'"
"How do the economizer control strategies differ between data centers and regular buildings in ASHRAE 90.1-2010 across different climate zones, considering heat recovery and dew point dry bulb control?","SELECT template, climate_zone, data_center, fixed_dry_bulb_is_allowed, differential_dry_bulb_is_allowed, electronic_enthalpy_is_allowed, differential_enthalpy_is_allowed, dew_point_dry_bulb_is_allowed, heat_recovery_exempted FROM system_requirements_air_economizer_90_1 WHERE template = '90.1-2010' AND climate_zone LIKE '%4A%' OR climate_zone LIKE '%5A%'"
What are the envelope requirements for roofs in climate zones 4 and 5 under ASHRAE 90.1 standards?,"SELECT id, template, climate_zone_set, intended_surface_type, assembly_maximum_u_value FROM envelope_requirements_90_1 WHERE (climate_zone_set LIKE '%4%' OR climate_zone_set LIKE '%5%') AND intended_surface_type LIKE '%Roof%' ORDER BY climate_zone_set"
How do the control requirements for lighting vary between general facilities and those serving visually impaired populations in IECC standards?,"SELECT lighting_primary_space_type, lighting_secondary_space_type, automatic_full_off, scheduled_shutoff FROM level_3_lighting_90_1_2013 WHERE (lighting_primary_space_type LIKE '%Visually Impaired%' OR lighting_secondary_space_type LIKE '%visually impaired%') ORDER BY lighting_primary_space_type"
Compare the lighting power density requirements between CS and SS methods for office spaces in ASHRAE 90.1-2004 standards.,"SELECT lighting_primary_space_type, lighting_secondary_space_type, method, lighting_power_density FROM level_3_lighting_90_1_2004 WHERE lighting_primary_space_type LIKE '%Office%' AND method IN ('CS', 'SS') ORDER BY lighting_primary_space_type, method"
Which space types have the same electric equipment profiles but different ventilation requirements in IECC standards?,"SELECT space_type_name, electric_equipment_space_type_name, ventilation_space_type_name FROM level_1_space_types WHERE electric_equipment_space_type_name IN (SELECT electric_equipment_space_type_name FROM level_1_space_types GROUP BY electric_equipment_space_type_name HAVING COUNT(*) > 1) ORDER BY electric_equipment_space_type_name"
How do the envelope requirements for walls in climate zone 7 compare between ASHRAE 90.1 and IECC standards?,"SELECT id, template, climate_zone_set, intended_surface_type, assembly_maximum_u_value FROM envelope_requirements_90_1 WHERE climate_zone_set LIKE '%7%' AND intended_surface_type LIKE '%Wall%' UNION SELECT id, template, climate_zone_set, intended_surface_type, assembly_maximum_u_value FROM envelope_requirements_IECC WHERE climate_zone_set LIKE '%7%' AND intended_surface_type LIKE '%Wall%' ORDER BY climate_zone_set"
How do the lighting requirements for facilities serving the visually impaired compare to general facilities in terms of power density and control flexibility in IECC standards?,"SELECT lighting_primary_space_type, lighting_secondary_space_type, lighting_power_density, automatic_full_off, scheduled_shutoff FROM level_3_lighting_90_1_2022 WHERE (lighting_primary_space_type LIKE '%Visually Impaired%' OR lighting_secondary_space_type LIKE '%visually impaired%') ORDER BY lighting_primary_space_type"
What are the envelope requirements for floors in climate zones 4 and 5 under IECC standards?,"SELECT id, template, climate_zone_set, intended_surface_type, assembly_maximum_u_value FROM envelope_requirements_IECC WHERE (climate_zone_set LIKE '%4%' OR climate_zone_set LIKE '%5%') AND intended_surface_type LIKE '%Floor%' ORDER BY climate_zone_set"
What are the envelope requirements for walls in climate zones 3 and 4 according to ASHRAE 90.1?,"SELECT id, template, climate_zone_set, intended_surface_type, standards_construction_type, building_category, construction, assembly_maximum_u_value FROM envelope_requirements_90_1 WHERE (climate_zone_set LIKE '%3%' OR climate_zone_set LIKE '%4%') AND intended_surface_type LIKE '%Wall'"
How do the ventilation rates compare for Air Class 1 and Air Class 2 spaces in ASHRAE 62.1-2004?,"SELECT ventilation_primary_space_type, ventilation_secondary_space_type, air_class, ventilation_rate_occupant, ventilation_rate_area, occupancy_per_area, annotation FROM level_3_ventilation_62_1_2004 WHERE air_class IN (1, 2) ORDER BY ventilation_rate_area DESC"
Which space types have both high occupancy density and require significant per-person ventilation rates in ASHRAE 62.1-2007?,"SELECT ventilation_primary_space_type, ventilation_secondary_space_type, ventilation_rate_occupant, ventilation_rate_area, occupancy_per_area, air_class, annotation FROM level_3_ventilation_62_1_2007 WHERE occupancy_per_area > 100 AND ventilation_rate_occupant > 5"
What are the envelope requirements for roofs in climate zone 5 according to ASHRAE 90.1-2010?,"SELECT id, template, climate_zone_set, intended_surface_type, standards_construction_type, building_category, construction, assembly_maximum_u_value FROM envelope_requirements_90_1 WHERE climate_zone_set LIKE '%5%' AND intended_surface_type LIKE '%Roof'"
Which space types require both automatic partial-off controls and have the most stringent RCR thresholds in ASHRAE 90.1-2013?,"SELECT lighting_primary_space_type, lighting_secondary_space_type, lighting_power_density, rcr_threshold, automatic_partial_off, annotation FROM level_3_lighting_90_1_2013 WHERE automatic_partial_off = 'REQ' AND rcr_threshold <= 4"
How do the lighting requirements for general facilities compare to facilities serving the visually impaired in terms of power density and control flexibility according to ASHRAE 90.1-2022?,"SELECT lighting_primary_space_type, lighting_secondary_space_type, lighting_power_density, automatic_full_off, scheduled_shutoff, rcr_threshold, annotation FROM level_3_lighting_90_1_2022 WHERE lighting_primary_space_type LIKE '%Visually Impaired%' OR lighting_primary_space_type IN ('Conference/Meeting/Multipurpose Rooms', 'Dining Area') ORDER BY lighting_power_density DESC"
What are the envelope requirements for walls in climate zones 6 and 7 according to IECC?,"SELECT id, template, climate_zone_set, intended_surface_type, standards_construction_type, building_category, construction, assembly_maximum_u_value FROM envelope_requirements_IECC WHERE (climate_zone_set LIKE '%6%' OR climate_zone_set LIKE '%7%') AND intended_surface_type LIKE '%Wall'"
Compare the maximum permitted assembly U-values for roofs in Climate Zone 6 according to ASHRAE 90.1-2010 and IECC 2021,"SELECT template, climate_zone_set, intended_surface_type, assembly_maximum_u_value, assembly_maximum_u_value_unit FROM envelope_requirements_90_1 WHERE (template = '90.1-2010' OR template = 'IECC-2021') AND climate_zone_set LIKE '%6%' AND intended_surface_type LIKE '%Roof'"
Which climate zones have the highest U-values for roofs in ASHRAE 90.1 standards and what are their corresponding solar heat gain coefficients?,"SELECT climate_zone_set, intended_surface_type, assembly_maximum_u_value, assembly_minimum_visible_transmittance FROM envelope_requirements_90_1 WHERE intended_surface_type LIKE '%Roof%' AND assembly_maximum_u_value > 0.05 ORDER BY assembly_maximum_u_value DESC"
"What are the maximum allowable solar heat gain coefficients for windows in commercial buildings located in climate zones with high cooling loads (4A, 5A) according to IECC standards?","SELECT template, climate_zone_set, intended_surface_type, assembly_maximum_solar_heat_gain_coefficient FROM envelope_requirements_IECC WHERE (climate_zone_set LIKE '%4A%' OR climate_zone_set LIKE '%5A%') AND intended_surface_type LIKE '%Window%'"
Which space types have the highest lighting power densities and require automatic daylight responsive controls for sidelighting in ASHRAE 90.1-2013 standards?,"SELECT lighting_primary_space_type, lighting_power_density, automatic_daylight_responsive_controls_for_sidelighting FROM level_3_lighting_90_1_2013 WHERE lighting_power_density > 1.5 AND automatic_daylight_responsive_controls_for_sidelighting = 'REQ' ORDER BY lighting_power_density DESC"
Which space types have the highest occupancy densities and require significant per-person ventilation rates in ASHRAE 62.1-2007 standards?,"SELECT ventilation_primary_space_type, occupancy_per_area, ventilation_rate_occupant FROM level_3_ventilation_62_1_2007 WHERE occupancy_per_area > 100 AND ventilation_rate_occupant > 5 ORDER BY occupancy_per_area DESC"
"What are the maximum allowable U-values for floors in commercial buildings located in climate zones with low cooling loads (2A, 3A) according to ASHRAE 90.1 standards?","SELECT template, climate_zone_set, intended_surface_type, assembly_maximum_u_value FROM envelope_requirements_90_1 WHERE (climate_zone_set LIKE '%2A%' OR climate_zone_set LIKE '%3A%') AND intended_surface_type LIKE '%Floor%'"
"What are the minimum visible transmittances required for skylights in climate zones with high solar radiation (4A, 5A) according to IECC standards?","SELECT template, climate_zone_set, intended_surface_type, assembly_minimum_visible_transmittance FROM envelope_requirements_IECC WHERE (climate_zone_set LIKE '%4A%' OR climate_zone_set LIKE '%5A%') AND intended_surface_type LIKE '%Skylight%'"
"Which space types have the highest lighting power densities in ASHRAE 90.1-2010, and how do they compare to IECC standards?","SELECT lighting_primary_space_type, lighting_power_density, annotation FROM level_3_lighting_90_1_2010 WHERE lighting_power_density > 1.5 ORDER BY lighting_power_density DESC"
How do the envelope requirements for roofs in climate zones 7 and 8 compare between ASHRAE 90.1-2010 and IECC standards?,"SELECT id, template, climate_zone_set, intended_surface_type, assembly_maximum_u_value, annotation FROM envelope_requirements_IECC WHERE (climate_zone_set LIKE '%7%' OR climate_zone_set LIKE '%8%') AND intended_surface_type LIKE '%Roof'"
"What are the maximum solar heat gain coefficients for windows in ASHRAE 90.1-2010, and how do they vary by orientation?","SELECT id, template, climate_zone_set, intended_surface_type, assembly_maximum_solar_heat_gain_coefficient, orientation FROM envelope_requirements_90_1 WHERE template = '90.1-2010' AND intended_surface_type LIKE '%Window%'"
Which equipment types have the highest minimum annual fuel utilization efficiencies in ASHRAE 90.1-2025?,"SELECT fluid_type, minimum_annual_fuel_utilization_efficiency, start_date, end_date FROM hvac_minimum_requirements_boilers_90_1 WHERE template = '90.1-2025' ORDER BY minimum_annual_fuel_utilization_efficiency DESC"
How do the lighting requirements for general offices compare to those for computer labs in terms of power density and control flexibility?,"SELECT lighting_primary_space_type, lighting_power_density, automatic_full_off, scheduled_shutoff FROM level_3_lighting_IECC_2006 WHERE lighting_primary_space_type IN ('Office', 'Computer Lab') ORDER BY lighting_power_density DESC"
What are the maximum U-values for floors in climate zones 3 and 4 according to IECC standards?,"SELECT id, template, climate_zone_set, intended_surface_type, assembly_maximum_u_value FROM envelope_requirements_IECC WHERE (climate_zone_set LIKE '%3%' OR climate_zone_set LIKE '%4%') AND intended_surface_type LIKE '%Floor'"
What are the envelope requirements for walls in climate zones 4 and 5 according to ASHRAE 90.1-2013?,"SELECT id, template, climate_zone_set, intended_surface_type, standards_construction_type, building_category FROM envelope_requirements_90_1 WHERE (climate_zone_set LIKE '%4%' OR climate_zone_set LIKE '%5%') AND intended_surface_type LIKE '%Wall%'"
How do the thermal properties of different insulation materials vary in terms of conductivity and density across various standards?,"SELECT name, conductivity, density, annotation FROM support_materials WHERE name LIKE '%Insulation%' ORDER BY conductivity DESC, density"
What are the envelope requirements for roofs in climate zones 6 and 7 according to IECC 2018?,"SELECT id, template, climate_zone_set, intended_surface_type, standards_construction_type FROM envelope_requirements_IECC WHERE (climate_zone_set LIKE '%6%' OR climate_zone_set LIKE '%7%') AND intended_surface_type LIKE '%Roof%'"
How do the level 2 lighting space types vary in terms of target illuminance setpoints and lighting technology across different standards?,"SELECT id, lighting_space_type_name, level_3_lighting_code_definition_table, lighting_technology_name, lighting_space_type_target_illuminance_setpoint FROM level_2_lighting_space_types WHERE lighting_space_type_name LIKE '%Office%' ORDER BY lighting_space_type_target_illuminance_setpoint DESC"
What are the support constructions for walls with insulation layers in ASHRAE 90.1-2013?,"SELECT name, intended_surface_type, standards_construction_type, insulation_layer FROM support_constructions WHERE (intended_surface_type LIKE '%Wall%') AND (insulation_layer LIKE '%Insulation%')"
"What are the maximum U-values for walls in climate zones 4 and 5, according to ASHRAE 90.1-2010?","SELECT template, climate_zone_set, intended_surface_type, assembly_maximum_u_value FROM envelope_requirements_90_1 WHERE (climate_zone_set LIKE '%4%' OR climate_zone_set LIKE '%5%') AND intended_surface_type LIKE '%Wall%' AND template = '90.1-2010'"
"What are the allowed solar heat gain coefficients for skylights in climate zones 3 and 6, according to ASHRAE 90.1-2016?","SELECT template, climate_zone_set, intended_surface_type, assembly_maximum_solar_heat_gain_coefficient FROM envelope_requirements_90_1 WHERE (climate_zone_set LIKE '%3%' OR climate_zone_set LIKE '%6%') AND intended_surface_type LIKE '%Skylight%' AND template = '90.1-2016'"
How do the U-values for walls in climate zones 2 and 8 compare between ASHRAE 90.1-2010 and IECC-2009?,"SELECT template, climate_zone_set, intended_surface_type, assembly_maximum_u_value FROM envelope_requirements_90_1 WHERE (climate_zone_set LIKE '%2%' OR climate_zone_set LIKE '%8%') AND intended_surface_type LIKE '%Wall%' AND (template = '90.1-2010' OR template = 'IECC-2009')"
"What are the maximum C-factors for roofs in climate zones 5 and 7, according to ASHRAE 90.1-2013?","SELECT template, climate_zone_set, intended_surface_type, assembly_maximum_c_factor FROM envelope_requirements_90_1 WHERE (climate_zone_set LIKE '%5%' OR climate_zone_set LIKE '%7%') AND intended_surface_type LIKE '%Roof%' AND template = '90.1-2013'"
What are the envelope requirements for residential buildings in Climate Zone 3A under ASHRAE 90.1-2004?,"SELECT id, template, climate_zone_set, intended_surface_type, standards_construction_type, building_category, assembly_maximum_u_value FROM envelope_requirements_90_1 WHERE template = '90.1-2004' AND climate_zone_set LIKE '%3A%' AND building_category = 'Residential'"
Which level 1 space types have the highest variability in lighting loads?,"SELECT id, space_type_name, lighting_space_type_name FROM level_1_space_types WHERE lighting_space_type_name IS NOT NULL ORDER BY lighting_space_type_name DESC"
How do the efficiency requirements for high-speed motors differ between ASHRAE 90.1-2007 and IECC?,"SELECT template, number_of_poles, minimum_capacity, maximum_capacity, nominal_full_load_efficiency FROM hvac_minimum_requirements_motors_90_1 WHERE (template = '90.1-2007' OR template LIKE '%IECC%') AND number_of_poles = 2 AND minimum_capacity > 10 ORDER BY template, minimum_capacity"
What are the maximum permitted solar heat gain coefficients for skylights in Climate Zone 6 according to IECC?,SELECT assembly_maximum_solar_heat_gain_coefficient FROM envelope_requirements_IECC WHERE climate_zone_set LIKE '%6%' AND intended_surface_type LIKE '%Skylight%'
"What are the maximum U-values for walls in climate zones 4 and 5, according to ASHRAE 90.1?","SELECT id, template, climate_zone_set, intended_surface_type, assembly_maximum_u_value FROM envelope_requirements_90_1 WHERE (climate_zone_set LIKE '%4%' OR climate_zone_set LIKE '%5%') AND intended_surface_type LIKE '%Wall'"
"How do the COP requirements for commercial heat pumps in ASHRAE 90.1 compare to those in IECC, for low outdoor temperatures (17 F)?","SELECT template, equipment_type, rating_condition, minimum_coefficient_of_performance_heating FROM hvac_minimum_requirements_heat_pumps_heating_90_1 WHERE rating_condition = '17F db/15F wb outdoor air' UNION SELECT template, equipment_type, rating_condition, minimum_coefficient_of_performance_heating FROM hvac_minimum_requirements_heat_pumps_heating_IECC"
"Which construction types have the highest U-values for roofs in climate zones 7 and 8, according to IECC?","SELECT id, template, climate_zone_set, intended_surface_type, assembly_maximum_u_value FROM envelope_requirements_IECC WHERE (climate_zone_set LIKE '%7%' OR climate_zone_set LIKE '%8%') AND intended_surface_type LIKE '%Roof' ORDER BY assembly_maximum_u_value DESC"
What are the minimum SCOP requirements for computer room air conditioners with water-cooled downflow installed between 2010 and 2020?,"SELECT template, cooling_type, standard_model, rating_condition, minimum_capacity, maximum_capacity, minimum_scop FROM hvac_minimum_requirements_computer_room_air_conditioners_90_1 WHERE cooling_type LIKE '%WaterCooled%' AND (template LIKE '%2010%' OR template LIKE '%2013%' OR template LIKE '%2016%') ORDER BY minimum_scop DESC"
"What are the envelope requirements for walls in ASHRAE 90.1-2016 and IECC standards, including assembly maximum U-values and solar heat gain coefficients?","SELECT intended_surface_type, standards_construction_type, building_category, construction, assembly_maximum_u_value, assembly_maximum_solar_heat_gain_coefficient FROM envelope_requirements_90_1 WHERE (intended_surface_type LIKE '%Wall%') AND (template LIKE '%2016%' OR template LIKE '%IECC%') ORDER BY assembly_maximum_u_value DESC"
"Compare the envelope requirements for walls and roofs in ASHRAE 90.1-2016 and IECC standards, including assembly maximum U-values and solar heat gain coefficients","SELECT intended_surface_type, standards_construction_type, building_category, construction, assembly_maximum_u_value, assembly_maximum_solar_heat_gain_coefficient FROM envelope_requirements_90_1 WHERE (intended_surface_type LIKE '%Wall%' OR intended_surface_type LIKE '%Roof%') AND (template LIKE '%2016%' OR template LIKE '%IECC%') ORDER BY assembly_maximum_u_value DESC"
"How do the EER and IEER requirements compare between air-cooled and water-cooled unitary air conditioners in the 120,000-240,000 Btu/hr range for units installed after 2015?","SELECT template, equipment_type, cooling_type, heating_type, subcategory, minimum_capacity, maximum_capacity, minimum_energy_efficiency_ratio AS eer, minimum_integrated_energy_efficiency_ratio AS ieer FROM hvac_minimum_requirements_unitary_air_conditioners_90_1 WHERE equipment_type = 'Air Conditioners' AND (cooling_type LIKE '%AirCooled%' OR cooling_type LIKE '%WaterCooled%') AND minimum_capacity >= 120000 AND maximum_capacity <= 240000 AND start_date > '2015-01-01'"
"What are the envelope requirements for roofs in climate zones 4 and 5 under IECC standards, including assembly U-values and solar heat gain coefficients?","SELECT id, template, climate_zone_set, intended_surface_type, standards_construction_type, building_category, construction, assembly_maximum_u_value, assembly_maximum_solar_heat_gain_coefficient FROM envelope_requirements_IECC WHERE (climate_zone_set LIKE '%4%' OR climate_zone_set LIKE '%5%') AND intended_surface_type LIKE '%Roof%'"
How do the heat rejection requirements compare between evaporative condensers and air-cooled condensers in the same fan type under ASHRAE 90.1-2019 standards?,"SELECT template, equipment_type, fan_type, test_fluid, minimum_performance_btu_per_hr_per_hp FROM hvac_minimum_requirements_heat_rejection_90_1 WHERE equipment_type IN ('Evaporative Condenser', 'AirCooled Condenser') AND fan_type = 'Propeller or Axial' ORDER BY equipment_type"
What are the envelope requirements for walls in climate zones 4 and 5 according to ASHRAE 90.1?,"SELECT id, template, climate_zone_set, intended_surface_type, standards_construction_type, assembly_maximum_u_value FROM envelope_requirements_90_1 WHERE (climate_zone_set LIKE '%4%' OR climate_zone_set LIKE '%5%') AND intended_surface_type LIKE '%Wall'"
What are the minimum efficiency requirements for natural gas boilers with capacities between 200 and 400 kBtu/hr according to IECC?,"SELECT fluid_type, minimum_annual_fuel_utilization_efficiency, minimum_thermal_efficiency, start_date, end_date FROM hvac_minimum_requirements_boilers_IECC WHERE fuel_type = 'NaturalGas' AND minimum_capacity <= 400000 AND maximum_capacity >= 200000"
Which construction types have the highest solar heat gain coefficients for roofs in climate zones 6 and 7?,"SELECT standards_construction_type, assembly_maximum_solar_heat_gain_coefficient FROM envelope_requirements_90_1 WHERE (climate_zone_set LIKE '%6%' OR climate_zone_set LIKE '%7%') AND intended_surface_type LIKE '%Roof' ORDER BY assembly_maximum_solar_heat_gain_coefficient DESC"
What are the minimum efficiency requirements for high-speed 2-pole motors in the 20-30 HP range across different climate zones?,"SELECT template, number_of_poles, synchronous_speed, type, minimum_capacity, maximum_capacity, nominal_full_load_efficiency FROM hvac_minimum_requirements_motors_90_1 WHERE minimum_capacity <= 30 AND maximum_capacity >= 20 AND number_of_poles = 2"
What are the maximum U-values for walls in climate zones 4 and 5 under ASHRAE 90.1-2016 standards?,"SELECT id, template, climate_zone_set, intended_surface_type, assembly_maximum_u_value FROM envelope_requirements_90_1 WHERE (climate_zone_set LIKE '%4%' OR climate_zone_set LIKE '%5%') AND template = '90.1-2016' AND intended_surface_type LIKE '%Wall'"
How do the efficiency requirements for ground-source VRF systems compare to water-source systems in terms of cooling efficiency under IECC standards?,"SELECT template, equipment_type, subcategory, minimum_capacity, maximum_capacity, minimum_energy_efficiency_ratio FROM hvac_minimum_requirements_variable_refrigerant_flow_systems_IECC WHERE (equipment_type = 'GroundSourceCoolingMode' OR equipment_type = 'WaterSourceCoolingMode') AND minimum_capacity > 0"
How do the BTU/hr per HP requirements compare between different refrigerants for evaporative condensers with the same fan type under current IECC standards?,"SELECT template, equipment_type, fan_type, test_fluid, minimum_performance_btu_per_hr_per_hp FROM hvac_minimum_requirements_heat_rejection_IECC WHERE equipment_type = 'Evaporative Condenser' AND fan_type = 'Propeller or Axial'"
Which equipment types have a minimum energy efficiency ratio greater than or equal to 10 under ASHRAE 90.1-2022 standards?,"SELECT template, equipment_type, subcategory, minimum_capacity, maximum_capacity, minimum_energy_efficiency_ratio FROM hvac_minimum_requirements_variable_refrigerant_flow_systems_90_1 WHERE minimum_energy_efficiency_ratio >= 10 AND template = '90.1-2022'"
What are the envelope requirements for roofs in climate zones 4-6 according to ASHRAE 90.1?,"SELECT id, template, climate_zone_set, intended_surface_type, standards_construction_type, assembly_maximum_u_value FROM envelope_requirements_90_1 WHERE (climate_zone_set LIKE '%4%' OR climate_zone_set LIKE '%5%' OR climate_zone_set LIKE '%6%') AND intended_surface_type LIKE '%Roof%'"
What are the efficiency requirements for air-cooled condensing units in ASHRAE 90.1-2010 and IECC?,"SELECT template, equipment_type, cooling_type, minimum_capacity, maximum_capacity, minimum_energy_efficiency_ratio FROM hvac_minimum_requirements_unitary_air_conditioners_90_1 WHERE (template = '90.1-2010' OR template LIKE '%IECC%') AND equipment_type = 'Condensing Units' AND cooling_type = 'AirCooled'"
What are the envelope requirements for walls in climate zones 7 and 8 according to ASHRAE 90.1-2013?,"SELECT id, template, climate_zone_set, intended_surface_type, standards_construction_type, assembly_maximum_u_value FROM envelope_requirements_90_1 WHERE (climate_zone_set LIKE '%7%' OR climate_zone_set LIKE '%8%') AND intended_surface_type LIKE '%Wall%' AND template = '90.1-2013'"
How have the COP requirements at low outdoor temperatures evolved over different ASHRAE 90.1 versions for large commercial heat pumps?,"SELECT template, equipment_type, rating_condition, minimum_capacity, maximum_capacity, minimum_coefficient_of_performance_heating FROM hvac_minimum_requirements_heat_pumps_heating_90_1 WHERE rating_condition = '17F db/15F wb outdoor air' AND minimum_capacity >= 135000 AND equipment_type = 'Heat Pumps'"
What are the ventilation requirements for educational spaces in terms of per-person and occupancy assumptions according to ASHRAE 62.1-1999?,"SELECT id, ventilation_primary_space_type, ventilation_rate_occupant, ventilation_rate_area, occupancy_per_area FROM level_3_ventilation_62_1_1999 WHERE ventilation_primary_space_type LIKE '%Education%'"
What are the envelope requirements for floors in climate zones 4-6 according to IECC?,"SELECT id, template, climate_zone_set, intended_surface_type, standards_construction_type, assembly_maximum_u_value FROM envelope_requirements_IECC WHERE (climate_zone_set LIKE '%4%' OR climate_zone_set LIKE '%5%' OR climate_zone_set LIKE '%6%') AND intended_surface_type LIKE '%Floor%'"
What are the ventilation requirements for office spaces in terms of per-person and occupancy assumptions according to ASHRAE 62.1-1999?,"SELECT id, ventilation_primary_space_type, ventilation_rate_occupant, ventilation_rate_area, occupancy_per_area FROM level_3_ventilation_62_1_1999 WHERE ventilation_primary_space_type LIKE '%Office%'"
What are the envelope requirements for roofs in climate zones 4-6 according to ASHRAE 90.1-2010?,"SELECT id, template, climate_zone_set, intended_surface_type, standards_construction_type, assembly_maximum_u_value FROM envelope_requirements_90_1 WHERE (climate_zone_set LIKE '%4%' OR climate_zone_set LIKE '%5%' OR climate_zone_set LIKE '%6%') AND intended_surface_type LIKE '%Roof%' AND template = '90.1-2010'"
What are the maximum U-values for walls in climate zones 4 and 5 according to ASHRAE 90.1?,"SELECT assembly_maximum_u_value, assembly_maximum_u_value_unit, climate_zone_set FROM envelope_requirements_90_1 WHERE (climate_zone_set LIKE '%4%' OR climate_zone_set LIKE '%5%') AND intended_surface_type LIKE '%Wall'"
Which space types have a high lighting power density and require automatic daylight responsive controls for sidelighting in the PRM baseline?,"SELECT lighting_primary_space_type, lighting_power_density, automatic_daylight_responsive_controls_for_sidelighting FROM level_3_lighting_90_1_2010_prm WHERE lighting_power_density > 1.2 AND automatic_daylight_responsive_controls_for_sidelighting = 'REQ'"
What are the minimum seasonal energy efficiency ratios for heat pumps in the Southeastern region across different IECC versions?,"SELECT template, equipment_type, region, minimum_seasonal_energy_efficiency_ratio FROM hvac_minimum_requirements_heat_pumps_cooling_IECC WHERE region = 'Southeastern' AND equipment_type LIKE '%Heat Pump%'"
What are the assembly maximum solar heat gain coefficients for windows in climate zones 6 and 7 according to IECC?,"SELECT assembly_maximum_solar_heat_gain_coefficient, climate_zone_set FROM envelope_requirements_IECC WHERE (climate_zone_set LIKE '%6%' OR climate_zone_set LIKE '%7%') AND intended_surface_type LIKE '%Window'"
What are the maximum U-values for floors in climate zones 3 and 4 according to ASHRAE 90.1 PRM?,"SELECT assembly_maximum_u_value, assembly_maximum_u_value_unit, climate_zone_set FROM envelope_requirements_90_1_prm WHERE (climate_zone_set LIKE '%3%' OR climate_zone_set LIKE '%4%') AND intended_surface_type LIKE '%Floor'"
Which space types in the 2010 PRM baseline require automatic full-off controls and have lighting power densities above 0.5 W/ft²?,"SELECT lighting_primary_space_type, lighting_secondary_space_type, method, lighting_power_density, rcr_threshold, automatic_full_off FROM level_3_lighting_90_1_2010_prm WHERE (lighting_primary_space_type LIKE '%Office%' OR lighting_secondary_space_type LIKE '%Retail%') AND lighting_power_density > 0.5 AND automatic_full_off = 'REQ' ORDER BY lighting_power_density DESC"
What are the maximum allowed U-values for walls in climate zones 4-6?,"SELECT intended_surface_type, standards_construction_type, building_category, construction, assembly_maximum_u_value FROM envelope_requirements_90_1 WHERE (climate_zone_set LIKE '%4%' OR climate_zone_set LIKE '%5%' OR climate_zone_set LIKE '%6%') AND intended_surface_type LIKE '%Wall' ORDER BY assembly_maximum_u_value DESC"
What are the required solar heat gain coefficients for windows in climate zones 6-8?,"SELECT intended_surface_type, standards_construction_type, building_category, construction, assembly_maximum_solar_heat_gain_coefficient FROM envelope_requirements_IECC WHERE (climate_zone_set LIKE '%6%' OR climate_zone_set LIKE '%7%' OR climate_zone_set LIKE '%8%') AND intended_surface_type LIKE '%Window' ORDER BY assembly_maximum_solar_heat_gain_coefficient DESC"
"What are the envelope requirements for walls in climate zones 4 or 5, according to ASHRAE 90.1-2010?","SELECT id, template, climate_zone_set, intended_surface_type, standards_construction_type, building_category, construction FROM envelope_requirements_90_1 WHERE (climate_zone_set LIKE '%4%' OR climate_zone_set LIKE '%5%') AND intended_surface_type LIKE '%Wall%'"
Which space types have the highest lighting power densities and require automatic partial-off controls in ASHRAE 90.1-2019?,"SELECT lighting_primary_space_type, lighting_secondary_space_type, lighting_power_density, rcr_threshold, automatic_partial_off FROM level_3_lighting_90_1_2019 WHERE automatic_partial_off = 'REQ' ORDER BY lighting_power_density DESC"
What are the ventilation requirements for food service spaces in ASHRAE 62.1-2004?,"SELECT ventilation_primary_space_type, ventilation_secondary_space_type, ventilation_rate_occupant, ventilation_rate_area, occupancy_per_area FROM level_3_ventilation_62_1_2004 WHERE ventilation_primary_space_type LIKE '%Food%'"
How do the envelope requirements for roofs compare between ASHRAE 90.1-2010 and IECC?,"SELECT id, template, climate_zone_set, intended_surface_type, standards_construction_type FROM envelope_requirements_90_1 WHERE intended_surface_type LIKE '%Roof%' UNION SELECT id, template, climate_zone_set, intended_surface_type, standards_construction_type FROM envelope_requirements_IECC WHERE intended_surface_type LIKE '%Roof%'"
Which equipment types have the most restrictive requirements for energy recovery in ASHRAE 90.1-2010?,"SELECT template, climate_zone, under_8000_hours, design_conditions, percent_oa_70_to_80, percent_oa_greater_than_80 FROM system_requirements_energy_recovery_90_1 WHERE percent_oa_greater_than_80 IS NOT NULL ORDER BY percent_oa_greater_than_80"
What are the support constructions for walls in ASHRAE 90.1-2010?,"SELECT name, intended_surface_type, standards_construction_type FROM support_constructions WHERE intended_surface_type LIKE '%Wall%'"
Which space types have the most restrictive RCR thresholds and require automatic daylight responsive controls in ASHRAE 90.1-2022?,"SELECT lighting_primary_space_type, lighting_secondary_space_type, lighting_power_density, rcr_threshold, automatic_daylight_responsive_controls_for_sidelighting FROM level_3_lighting_90_1_2022 WHERE rcr_threshold <= 4 AND automatic_daylight_responsive_controls_for_sidelighting = 'REQ'"
How do the envelope requirements for floors compare between ASHRAE 90.1-2010 and IECC?,"SELECT id, template, climate_zone_set, intended_surface_type, standards_construction_type FROM envelope_requirements_90_1 WHERE intended_surface_type LIKE '%Floor%' UNION SELECT id, template, climate_zone_set, intended_surface_type, standards_construction_type FROM envelope_requirements_IECC WHERE intended_surface_type LIKE '%Floor%'"
What are the system requirements for air economizers in ASHRAE 90.1-2010?,"SELECT template, climate_zone, data_center, fixed_dry_bulb_high_limit_shutoff_temp FROM system_requirements_air_economizer_90_1 WHERE climate_zone LIKE '%3A%'"
Which space types have the highest ventilation rates per occupant in ASHRAE 62.1-2004?,"SELECT ventilation_primary_space_type, ventilation_secondary_space_type, ventilation_rate_occupant FROM level_3_ventilation_62_1_2004 ORDER BY ventilation_rate_occupant DESC"
What are the minimum energy efficiency requirements for ground-source VRF systems in ASHRAE 90.1-2016 and later versions?,"SELECT template, equipment_type, subcategory, minimum_capacity, maximum_capacity, minimum_energy_efficiency_ratio, annotation FROM hvac_minimum_requirements_variable_refrigerant_flow_systems_90_1 WHERE equipment_type LIKE '%GroundSource%' AND template IN ('90.1-2016', '90.1-2019', '90.1-2022', '90.1-2025')"
How do the ventilation requirements for food service spaces compare between ASHRAE 62.1-2004 and later versions?,"SELECT ventilation_primary_space_type, ventilation_secondary_space_type, ventilation_rate_occupant, ventilation_rate_area, occupancy_per_area, air_class, annotation FROM level_3_ventilation_62_1_2004 WHERE ventilation_primary_space_type LIKE '%Food%' ORDER BY ventilation_rate_occupant DESC"
What are the maximum U-values allowed for walls in climate zones 4 and 5 in ASHRAE 90.1-2019?,"SELECT template, climate_zone_set, intended_surface_type, assembly_maximum_u_value, annotation FROM envelope_requirements_90_1 WHERE (climate_zone_set LIKE '%4%' OR climate_zone_set LIKE '%5%') AND intended_surface_type LIKE '%Wall%' AND template = '90.1-2019'"
Which building types have the highest lighting power density requirements in ASHRAE 90.1-2022?,"SELECT lighting_space_type_name, level_3_lighting_code_definition_table, lighting_space_type_target_illuminance_setpoint, annotation FROM level_2_lighting_space_types WHERE lighting_space_type_name LIKE '%Office%' ORDER BY lighting_space_type_target_illuminance_setpoint DESC"
What are the minimum part load efficiency requirements for air-cooled chillers in IECC-2012 and later versions?,"SELECT template, cooling_type, compressor_type, minimum_capacity, maximum_capacity, start_date, end_date, minimum_integrated_part_load_value, annotation FROM hvac_minimum_requirements_chillers_IECC WHERE cooling_type LIKE '%AirCooled%' AND template IN ('IECC-2012', 'IECC-2015', 'IECC-2018')"
How do the envelope requirements for residential buildings compare between IECC-2009 and IECC-2012?,"SELECT template, climate_zone_set, intended_surface_type, assembly_maximum_u_value, annotation FROM envelope_requirements_IECC WHERE building_category LIKE '%Residential%' AND (template = 'IECC-2009' OR template = 'IECC-2012') ORDER BY assembly_maximum_u_value"
Which exterior lighting allowance types are available in ASHRAE 90.1-2016 and later versions?,"SELECT DISTINCT allowance_type FROM exterior_lighting_90_1 WHERE template IN ('90.1-2016', '90.1-2019', '90.1-2022', '90.1-2025') ORDER BY allowance_type"
What are the envelope requirements for walls in Climate Zone 4 or 5 across different ASHRAE 90.1 versions?,"SELECT id, template, climate_zone_set, intended_surface_type, assembly_maximum_u_value FROM envelope_requirements_90_1 WHERE (climate_zone_set LIKE '%4%' OR climate_zone_set LIKE '%5%') AND intended_surface_type LIKE '%Wall'"
Which building categories have the most stringent envelope requirements in ASHRAE 90.1-2022?,"SELECT building_category, assembly_maximum_u_value FROM envelope_requirements_90_1 WHERE template LIKE '%2022%' ORDER BY assembly_maximum_u_value ASC LIMIT 10"
What are the maximum solar heat gain coefficients for windows in Climate Zone 7 or 8 across different ASHRAE 90.1 versions?,"SELECT id, template, climate_zone_set, intended_surface_type, assembly_maximum_solar_heat_gain_coefficient FROM envelope_requirements_90_1 WHERE (climate_zone_set LIKE '%7%' OR climate_zone_set LIKE '%8%') AND intended_surface_type LIKE '%Window'"
What are the minimum visible transmittance requirements for skylights in IECC?,"SELECT intended_surface_type, assembly_minimum_visible_transmittance FROM envelope_requirements_IECC WHERE intended_surface_type LIKE '%Skylight%'"
What are the envelope requirements for residential buildings in Climate Zone 5 according to ASHRAE 90.1-2013?,"SELECT id, template, climate_zone_set, intended_surface_type, standards_construction_type, building_category, assembly_maximum_u_value FROM envelope_requirements_90_1 WHERE template = '90.1-2013' AND climate_zone_set LIKE '%5%' AND building_category LIKE '%Residential'"
Which construction types have the lowest assembly U-values for exterior walls in Climate Zone 7 according to ASHRAE 90.1-2016?,"SELECT standards_construction_type, assembly_maximum_u_value FROM envelope_requirements_90_1 WHERE template = '90.1-2016' AND climate_zone_set LIKE '%7%' AND intended_surface_type LIKE '%Wall'"
What are the energy recovery requirements for outdoor air CFM thresholds in Climate Zone 3A according to ASHRAE 90.1-2010?,"SELECT template, climate_zone, under_8000_hours, design_conditions, percent_oa_70_to_80 FROM system_requirements_energy_recovery_90_1 WHERE template = '90.1-2010' AND climate_zone LIKE '%3A%'"
Which equipment types have the highest minimum COP heating requirements for single package variable heat pumps in ASHRAE 90.1-2016?,"SELECT equipment_type, subcategory, rating_condition, minimum_coefficient_of_performance_heating FROM hvac_minimum_requirements_heat_pumps_heating_90_1 WHERE template = '90.1-2016' AND equipment_type LIKE '%SPVHP%' ORDER BY minimum_coefficient_of_performance_heating DESC"
What are the exterior lighting requirements for parking lots in 90.1-2007?,"SELECT lighting_zone, allowance_type, allowance, allowance_unit FROM exterior_lighting_90_1 WHERE template LIKE '%90.1-2007%' AND allowance_type LIKE '%parking lot%'"
Which space types have the highest lighting power densities and require automatic daylight responsive controls under 90.1-2010?,"SELECT lighting_primary_space_type, lighting_secondary_space_type, lighting_power_density, automatic_daylight_responsive_controls_for_sidelighting FROM level_3_lighting_90_1_2010 WHERE lighting_power_density >= 1.2 AND automatic_daylight_responsive_controls_for_sidelighting = 'REQ'"
What are the maximum U-values for walls in climate zones 4 or 5 according to ASHRAE 90.1?,"SELECT id, template, climate_zone_set, intended_surface_type, standards_construction_type, assembly_maximum_u_value FROM envelope_requirements_90_1 WHERE (climate_zone_set LIKE '%4%' OR climate_zone_set LIKE '%5%') AND intended_surface_type LIKE '%Wall'"
Which space types have both high occupancy density (>50 ppl/1000 ft²) and require significant per-person ventilation rates in ASHRAE 62.1-2007?,"SELECT ventilation_primary_space_type, ventilation_secondary_space_type, ventilation_rate_occupant, ventilation_rate_area, occupancy_per_area, air_class FROM level_3_ventilation_62_1_2007 WHERE occupancy_per_area > 50 AND ventilation_rate_occupant > 5 ORDER BY occupancy_per_area DESC, ventilation_rate_occupant DESC"
What SCOP is required for a 100 kBtu/hr air cooled upflow computer room air conditioner installed in 2010 according to IECC?,"SELECT template, cooling_type, standard_model, rating_condition, minimum_capacity, maximum_capacity, minimum_scop FROM hvac_minimum_requirements_computer_room_air_conditioners_IECC WHERE cooling_type LIKE '%AirCooled%' AND minimum_capacity <= 100000 AND maximum_capacity >= 100000 AND template = 'IECC-2009' ORDER BY cooling_type, standard_model"
What are the allowance types for exterior lighting in ASHRAE 90.1-2013?,SELECT DISTINCT allowance_type FROM exterior_lighting_90_1 WHERE template = '90.1-2013' ORDER BY allowance_type
How do the thermal properties of glass fiber batt insulations vary by R-value and thickness across different CEC defaults?,"SELECT name, thickness, conductivity, resistance, density, specific_heat FROM support_materials WHERE name LIKE '%Glass fiber batt%' AND name LIKE '%CEC Default%' ORDER BY resistance DESC, thickness"
What are the minimum visible transmittance values for skylights in climate zones 3 or 4 according to ASHRAE 90.1-2010?,"SELECT id, template, climate_zone_set, intended_surface_type, standards_construction_type, assembly_minimum_visible_transmittance FROM envelope_requirements_90_1 WHERE (climate_zone_set LIKE '%3%' OR climate_zone_set LIKE '%4%') AND intended_surface_type LIKE '%Skylight'"
Which level 2 lighting space types have a target illuminance setpoint greater than 30 fc?,"SELECT id, lighting_space_type_name, level_3_lighting_code_definition_table, level_3_lighting_code_definition_id, lighting_technology_name, lighting_space_type_target_illuminance_setpoint FROM level_2_lighting_space_types WHERE lighting_space_type_target_illuminance_setpoint > 30 ORDER BY lighting_space_type_target_illuminance_setpoint DESC"
What are the maximum solar heat gain coefficients for windows in climate zones 5 or 6 according to IECC?,"SELECT id, template, climate_zone_set, intended_surface_type, standards_construction_type, assembly_maximum_solar_heat_gain_coefficient FROM envelope_requirements_IECC WHERE (climate_zone_set LIKE '%5%' OR climate_zone_set LIKE '%6%') AND intended_surface_type LIKE '%Window'"
"What are the maximum U-values for walls in climate zones 3 and 4, according to ASHRAE 90.1-2010?","SELECT assembly_maximum_u_value, intended_surface_type FROM envelope_requirements_90_1 WHERE (climate_zone_set LIKE '%3%' OR climate_zone_set LIKE '%4%') AND intended_surface_type LIKE '%Wall%'"
"How do the economizer control strategies differ between data centers and regular buildings in climate zones 2A, 3A, and 4A?","SELECT template, climate_zone, data_center, fixed_dry_bulb_is_allowed FROM system_requirements_air_economizer_90_1 WHERE (climate_zone LIKE '%2A%' OR climate_zone LIKE '%3A%' OR climate_zone LIKE '%4A%') AND template = '90.1-2010'"
"Which space types have the highest variability in electric equipment loads, and what are their heat gain characteristics?","SELECT electric_equipment_space_type_name, electric_equipment_minimum_epd, electric_equipment_maximum_epd FROM level_2_electric_equipment WHERE electric_equipment_maximum_epd > electric_equipment_minimum_epd ORDER BY (electric_equipment_maximum_epd - electric_equipment_minimum_epd) DESC"
"What are the thermal properties of glass fiber batt insulations with R-values greater than 10, across different CEC defaults?","SELECT name, thickness, conductivity, resistance FROM support_materials WHERE name LIKE '%Glass fiber batt%' AND name LIKE '%CEC Default%' AND resistance > 10"
How do the thermal properties of walls vary by R-value and thickness across different climate zones?,"SELECT intended_surface_type, assembly_maximum_u_value, assembly_maximum_f_factor FROM envelope_requirements_90_1 WHERE intended_surface_type LIKE '%Wall%' AND (climate_zone_set LIKE '%2%' OR climate_zone_set LIKE '%3%' OR climate_zone_set LIKE '%4%')"
"What are the maximum solar heat gain coefficients for roofs in climate zones 5 and 6, according to ASHRAE 90.1-2010?","SELECT assembly_maximum_solar_heat_gain_coefficient, intended_surface_type FROM envelope_requirements_90_1 WHERE (climate_zone_set LIKE '%5%' OR climate_zone_set LIKE '%6%') AND intended_surface_type LIKE '%Roof%'"
What are the envelope requirements for walls in climate zones 4 and 5 according to ASHRAE 90.1-2010?,"SELECT id, template, climate_zone_set, intended_surface_type, standards_construction_type, assembly_maximum_u_value FROM envelope_requirements_90_1 WHERE (climate_zone_set LIKE '%4%' OR climate_zone_set LIKE '%5%') AND intended_surface_type LIKE '%Wall%' AND template = '90.1-2010'"
How do the minimum energy efficiency ratios for air-cooled condensing units differ between ASHRAE 90.1-2004 and IECC standards?,"SELECT equipment_type, cooling_type, minimum_capacity, maximum_capacity, minimum_energy_efficiency_ratio FROM hvac_minimum_requirements_unitary_air_conditioners_90_1 WHERE equipment_type = 'Condensing Units' AND cooling_type = 'AirCooled' AND template IN ('90.1-2004', 'IECC') ORDER BY template"
What are the thermal transmittance requirements for roofs in climate zone 7 according to IECC?,"SELECT id, template, climate_zone_set, intended_surface_type, standards_construction_type, assembly_maximum_u_value FROM envelope_requirements_IECC WHERE climate_zone_set LIKE '%7%' AND intended_surface_type LIKE '%Roof%'"
How have the COP requirements for heat pumps at low outdoor temperatures evolved over different ASHRAE 90.1 versions?,"SELECT template, equipment_type, rating_condition, minimum_capacity, maximum_capacity, minimum_coefficient_of_performance_heating FROM hvac_minimum_requirements_heat_pumps_heating_90_1 WHERE rating_condition = '17F db/15F wb outdoor air' AND equipment_type = 'Heat Pumps' ORDER BY template"
What are the envelope requirements for floors in ASHRAE 90.1-2007 and what are their corresponding thermal transmittance values?,"SELECT id, template, climate_zone_set, intended_surface_type, standards_construction_type, assembly_maximum_u_value FROM envelope_requirements_90_1 WHERE template = '90.1-2007' AND intended_surface_type LIKE '%Floor%'"
What are the minimum energy efficiency ratios for water-cooled condensing units in ASHRAE 90.1-2013 and IECC standards?,"SELECT equipment_type, cooling_type, minimum_capacity, maximum_capacity, minimum_energy_efficiency_ratio FROM hvac_minimum_requirements_unitary_air_conditioners_90_1 WHERE equipment_type = 'Condensing Units' AND cooling_type = 'WaterCooled' AND template IN ('90.1-2013', 'IECC') ORDER BY template"
What are the envelope requirements for walls in climate zones 4-6 under ASHRAE 90.1 standards?,"SELECT id, template, climate_zone_set, intended_surface_type, assembly_maximum_u_value FROM envelope_requirements_90_1 WHERE (climate_zone_set LIKE '%4%' OR climate_zone_set LIKE '%5%' OR climate_zone_set LIKE '%6%') AND intended_surface_type LIKE '%Wall'"
What are the envelope requirements for roofs in climate zones 7-8 under IECC standards?,"SELECT id, template, climate_zone_set, intended_surface_type, assembly_maximum_u_value FROM envelope_requirements_IECC WHERE (climate_zone_set LIKE '%7%' OR climate_zone_set LIKE '%8%') AND intended_surface_type LIKE '%Roof'"
How do the efficiency requirements for oil-fired furnaces vary between ASHRAE 90.1 and IECC standards?,"SELECT template, equipment_type, fuel_type, minimum_annual_fuel_utilization_efficiency, minimum_thermal_efficiency FROM hvac_minimum_requirements_furnaces_90_1 WHERE fuel_type = 'Oil' AND minimum_capacity <= 200000 AND maximum_capacity >= 100000 UNION SELECT template, equipment_type, fuel_type, minimum_annual_fuel_utilization_efficiency, minimum_thermal_efficiency FROM hvac_minimum_requirements_furnaces_IECC WHERE fuel_type = 'Oil' AND minimum_capacity <= 200000 AND maximum_capacity >= 100000"
"What are the highest fan power allowances for energy recovery components in ASHRAE 90.1-2025, and how do they compare between supply and exhaust systems?","SELECT template, air_system, air_system_component, fan_system, minimum_capacity, maximum_capacity, fan_power_allowance, annotation FROM system_requirements_fan_power_allowance_90_1 WHERE (air_system_component LIKE '%recovery%' OR air_system_component LIKE '%enthalpy%' OR air_system_component LIKE '%run-around%') AND template = '90.1-2025' ORDER BY fan_power_allowance DESC, air_system;"
Which space types have both high occupancy density (>100 ppl/1000 ft²) AND require significant per-person ventilation rates in IECC-2012?,"SELECT ventilation_primary_space_type, ventilation_secondary_space_type, ventilation_rate_occupant, ventilation_rate_area, occupancy_per_area, air_class, annotation FROM level_3_ventilation_62_1_2007 WHERE occupancy_per_area > 100 AND ventilation_rate_occupant > 5 ORDER BY occupancy_per_area DESC, ventilation_rate_occupant DESC;"
How has the efficiency requirement evolved over different ASHRAE 90.1 versions for high-speed 2-pole motors in the 30-40 HP range?,"SELECT template, number_of_poles, synchronous_speed, type, minimum_capacity, maximum_capacity, nominal_full_load_efficiency, start_date, annotation FROM hvac_minimum_requirements_motors_90_1 WHERE minimum_capacity <= 40 AND maximum_capacity >= 30 AND number_of_poles IN (2) AND type = 'Enclosed' ORDER BY template, minimum_capacity;"
What are the envelope requirements for roofs in climate zones 4-6 in ASHRAE 90.1-2019?,"SELECT id, template, climate_zone_set, intended_surface_type, standards_construction_type, building_category, construction, minimum_percent_of_surface, maximum_percent_of_surface, assembly_maximum_u_value, annotation FROM envelope_requirements_90_1 WHERE (climate_zone_set LIKE '%4%' OR climate_zone_set LIKE '%5%' OR climate_zone_set LIKE '%6%') AND intended_surface_type LIKE '%Roof%' AND template = '90.1-2019';"
How do the outdoor air percentage thresholds for energy recovery requirements differ between humid (A) and dry (B) climate zones in IECC-2015?,"SELECT template, climate_zone, design_conditions, percent_oa_30_to_40, percent_oa_40_to_50, percent_oa_50_to_60, percent_oa_60_to_70, percent_oa_70_to_80, percent_oa_greater_than_80, energy_recovery_effectiveness, CASE WHEN climate_zone LIKE '%A' THEN 'Humid' WHEN climate_zone LIKE '%B' THEN 'Dry' ELSE 'Other' END as moisture_regime, annotation FROM system_requirements_energy_recovery_IECC WHERE template = 'IECC-2015' AND climate_zone IN ('1A', '1B', '2A', '2B', '3A', '3B') ORDER BY moisture_regime, climate_zone, design_conditions;"
What are the highest solar heat gain coefficients for windows in ASHRAE 90.1-2016?,"SELECT id, template, intended_surface_type, standards_construction_type, building_category, construction, minimum_percent_of_surface, maximum_percent_of_surface, assembly_maximum_u_value, assembly_minimum_visible_transmittance, assembly_minimum_vt_shgc, annotation FROM envelope_requirements_90_1 WHERE intended_surface_type LIKE '%Window%' AND template = '90.1-2016' ORDER BY assembly_minimum_vt_shgc DESC;"
What are the maximum permitted assembly U-values for residential exterior walls in Climate Zone 4 according to ASHRAE 90.1-2013?,"SELECT id, template, climate_zone_set, intended_surface_type, standards_construction_type, building_category, assembly_maximum_u_value, annotation FROM envelope_requirements_90_1 WHERE template = '90.1-2013' AND climate_zone_set LIKE '%4%' AND intended_surface_type LIKE '%Wall%' AND standards_construction_type = 'Mass' AND building_category = 'Residential'"
What are the minimum SCOP requirements for water-cooled downflow computer room air conditioners with a capacity of 100 kBtu/hr or more according to ASHRAE 90.1-2004?,"SELECT template, cooling_type, standard_model, rating_condition, minimum_capacity, maximum_capacity, minimum_scop, annotation FROM hvac_minimum_requirements_computer_room_air_conditioners_90_1 WHERE cooling_type LIKE '%WaterCooled%' AND minimum_capacity >= 100000 AND template = '90.1-2004'"
What are the envelope requirements for walls in climate zones 4 and 5 according to ASHRAE 90.1-2010?,"SELECT id, template, climate_zone_set, intended_surface_type, assembly_maximum_u_value FROM envelope_requirements_90_1 WHERE (climate_zone_set LIKE '%4%' OR climate_zone_set LIKE '%5%') AND intended_surface_type LIKE '%Wall%' ORDER BY assembly_maximum_u_value"
Which climate zones have the highest minimum projection factors for skylights according to IECC?,"SELECT climate_zone_set, intended_surface_type, assembly_maximum_u_value, minimum_projection_factor FROM envelope_requirements_IECC WHERE intended_surface_type LIKE '%Skylight%' ORDER BY minimum_projection_factor DESC"
How do the ventilation requirements for office spaces vary between different ASHRAE standards?,"SELECT ventilation_space_type_name, level_3_ventilation_definition_table, level_3_ventilation_definition_id FROM level_2_ventilation_space_types WHERE ventilation_space_type_name LIKE '%Office%' ORDER BY level_3_ventilation_definition_table"
What are the envelope requirements for floors in climate zones 6 and 7 according to ASHRAE 90.1-2010?,"SELECT id, template, climate_zone_set, intended_surface_type, assembly_maximum_u_value FROM envelope_requirements_90_1 WHERE (climate_zone_set LIKE '%6%' OR climate_zone_set LIKE '%7%') AND intended_surface_type LIKE '%Floor%' ORDER BY assembly_maximum_u_value"
Which space types have natural gas equipment loads above 10 Btu/h·ft² and generate latent heat gains?,"SELECT natural_gas_equipment_space_type_name, natural_gas_equipment_average_epd, natural_gas_equipment_median_epd, natural_gas_equipment_fraction_latent, natural_gas_equipment_fraction_radiant FROM level_2_natural_gas_equipment WHERE natural_gas_equipment_average_epd > 10 AND natural_gas_equipment_fraction_latent > 0 ORDER BY natural_gas_equipment_average_epd DESC"
What are the envelope requirements for walls in climate zones 4 or 5 according to ASHRAE 90.1-2010?,"SELECT id, template, climate_zone_set, intended_surface_type, standards_construction_type, building_category, assembly_maximum_u_value FROM envelope_requirements_90_1 WHERE (climate_zone_set LIKE '%4%' OR climate_zone_set LIKE '%5%') AND intended_surface_type LIKE '%Wall%'"
What are the insulation materials with a thermal resistance per inch of thickness greater than 2 and a density less than 1.5 lb/ft^3?,"SELECT name, material_type, thickness, resistance, (resistance / thickness) as resistance_per_inch, density FROM support_materials WHERE material_type LIKE '%StandardOpaqueMaterial%' AND resistance > 20 AND thickness > 0 AND density < 1.5 ORDER BY resistance_per_inch DESC"
What are the envelope requirements for roofs in ASHRAE 90.1-2007 with a maximum U-value of 0.05?,"SELECT id, template, climate_zone_set, intended_surface_type, standards_construction_type, building_category, assembly_maximum_u_value FROM envelope_requirements_90_1 WHERE template LIKE '%90.1-2007%' AND intended_surface_type LIKE '%Roof%' AND assembly_maximum_u_value <= 0.05"
Which level 2 lighting space types have a target illuminance setpoint greater than 30 footcandles?,"SELECT id, lighting_space_type_name, level_3_lighting_code_definition_table, level_3_lighting_code_definition_id, lighting_technology_name, lighting_space_type_target_illuminance_setpoint FROM level_2_lighting_space_types WHERE lighting_space_type_target_illuminance_setpoint > 30"
What are the level 1 space types that use electric equipment and have a ventilation space type name containing 'Office'?,"SELECT id, space_type_name, lighting_space_type_name, ventilation_space_type_name FROM level_1_space_types WHERE electric_equipment_space_type_name IS NOT NULL AND ventilation_space_type_name LIKE '%Office%'"
What are the envelope requirements for walls in climate zones 4 or 5 under ASHRAE 90.1-2019 standards?,"SELECT id, template, climate_zone_set, intended_surface_type, assembly_maximum_u_value FROM envelope_requirements_90_1 WHERE (climate_zone_set LIKE '%4%' OR climate_zone_set LIKE '%5%') AND intended_surface_type LIKE '%Wall'"
Which space types have supplemental lighting allowances and special control requirements in 90.1-2019?,"SELECT lighting_primary_space_type, lighting_secondary_space_type, supplemental_lighting_power_density, automatic_full_off FROM level_3_lighting_90_1_2019 WHERE supplemental_lighting_power_density IS NOT NULL OR automatic_full_off IS NOT NULL"
What are the high limit shutoff temperatures and enthalpies for different economizer control strategies in climate zone 4 under ASHRAE 90.1-2010 standards?,"SELECT template, climate_zone, data_center, fixed_dry_bulb_high_limit_shutoff_temp, fixed_enthalpy_high_limit_shutoff_enthalpy FROM system_requirements_air_economizer_90_1 WHERE template = '90.1-2010' AND climate_zone LIKE '%4%'"
How do the envelope requirements for roofs compare between different building categories in IECC standards?,"SELECT id, template, climate_zone_set, intended_surface_type, assembly_maximum_u_value FROM envelope_requirements_IECC WHERE intended_surface_type LIKE '%Roof%' ORDER BY assembly_maximum_u_value DESC"
"What are the most energy-intensive laboratory and healthcare spaces in 90.1-2019, and how do their control requirements differ?","SELECT lighting_primary_space_type, lighting_power_density, automatic_full_off FROM level_3_lighting_90_1_2019 WHERE (lighting_primary_space_type LIKE '%Laboratory%' OR lighting_primary_space_type LIKE '%Healthcare%') ORDER BY lighting_power_density DESC"
What are the HVAC minimum requirements for evaporative condensers with a test fluid of R-448A under ASHRAE 90.1-2019 standards?,"SELECT template, equipment_type, fan_type, test_fluid, minimum_performance_btu_per_hr_per_hp FROM hvac_minimum_requirements_heat_rejection_90_1 WHERE equipment_type = 'Evaporative Condenser' AND test_fluid = 'R-448A'"
Which space types have different ventilation requirements but share the same electric equipment profiles in 90.1-2010?,"SELECT space_type_name, electric_equipment_space_type_name, ventilation_space_type_name FROM level_1_space_types WHERE electric_equipment_space_type_name IN (SELECT electric_equipment_space_type_name FROM level_1_space_types GROUP BY electric_equipment_space_type_name HAVING COUNT(*) > 1) ORDER BY electric_equipment_space_type_name"
What are the envelope requirements for walls in climate zones 7 or 8 under IECC standards?,"SELECT id, template, climate_zone_set, intended_surface_type, assembly_maximum_u_value FROM envelope_requirements_IECC WHERE (climate_zone_set LIKE '%7%' OR climate_zone_set LIKE '%8%') AND intended_surface_type LIKE '%Wall'"
"What are the envelope requirements for walls in ASHRAE 90.1-2007, specifically in climate zones 4 and 5?","SELECT id, template, intended_surface_type, standards_construction_type, assembly_maximum_u_value FROM envelope_requirements_90_1 WHERE (climate_zone_set LIKE '%4%' OR climate_zone_set LIKE '%5%') AND intended_surface_type LIKE '%Wall'"
Which space types have supplemental lighting allowances or special control requirements in 90.1-2007?,"SELECT lighting_primary_space_type, lighting_secondary_space_type, lighting_power_density, supplemental_lighting_power_density FROM level_3_lighting_90_1_2007 WHERE supplemental_lighting_power_density IS NOT NULL OR automatic_full_off IS NOT NULL"
What are the ventilation rates for educational spaces (classrooms vs labs vs auditoriums) in terms of per-person and occupancy assumptions?,"SELECT ventilation_primary_space_type, ventilation_secondary_space_type, ventilation_rate_occupant, ventilation_rate_area FROM level_3_ventilation_62_1_1999 WHERE ventilation_primary_space_type = 'Education' ORDER BY ventilation_rate_occupant DESC"
How do the envelope requirements differ between residential and commercial buildings in IECC?,"SELECT id, template, intended_surface_type, standards_construction_type, assembly_maximum_u_value FROM envelope_requirements_IECC WHERE building_category LIKE '%Residential%' OR building_category LIKE '%Commercial'"
Which space types are classified as Air Class 2 (higher contamination) and how do their ventilation rates compare to Air Class 1 spaces?,"SELECT ventilation_primary_space_type, ventilation_secondary_space_type, air_class, ventilation_rate_occupant FROM level_3_ventilation_62_1_2004 WHERE air_class = 2 ORDER BY ventilation_rate_occupant DESC"
What are the thermal bridging requirements for roofs in climate zones 6 and 7 in ASHRAE 90.1-2010?,"SELECT id, template, intended_surface_type, standards_construction_type, assembly_maximum_f_factor FROM envelope_requirements_90_1 WHERE (climate_zone_set LIKE '%6%' OR climate_zone_set LIKE '%7%') AND intended_surface_type LIKE '%Roof'"
How do the level 2 lighting space types vary in terms of target illuminance setpoints and lighting technologies?,"SELECT id, lighting_space_type_name, lighting_technology_name, lighting_space_type_target_illuminance_setpoint FROM level_2_lighting_space_types ORDER BY lighting_space_type_target_illuminance_setpoint DESC"
"What are the maximum U-values for walls in climate zones 4, 5, or 6 under ASHRAE 90.1-2010?","SELECT id, template, climate_zone_set, intended_surface_type, assembly_maximum_u_value FROM envelope_requirements_90_1 WHERE (climate_zone_set LIKE '%4%' OR climate_zone_set LIKE '%5%' OR climate_zone_set LIKE '%6%') AND intended_surface_type LIKE '%Wall%' AND template = '90.1-2010'"
What are the most common ventilation space types for level 1 space types with specific electric equipment profiles?,"SELECT ventilation_space_type_name, COUNT(*) AS count FROM level_1_space_types WHERE electric_equipment_space_type_name IS NOT NULL GROUP BY ventilation_space_type_name ORDER BY count DESC"
What are the envelope requirements for walls in climate zones 7 or 8 under ASHRAE 90.1-2016?,"SELECT id, template, climate_zone_set, intended_surface_type, assembly_maximum_u_value FROM envelope_requirements_90_1 WHERE (climate_zone_set LIKE '%7%' OR climate_zone_set LIKE '%8%') AND intended_surface_type LIKE '%Wall%' AND template = '90.1-2016'"
What are the maximum permitted assembly U-values for residential exterior walls in Climate Zone 4A according to IECC?,"SELECT assembly_maximum_u_value, assembly_maximum_u_value_unit FROM envelope_requirements_IECC WHERE (climate_zone_set LIKE '%4%') AND intended_surface_type = 'ExteriorWall' AND standards_construction_type = 'Mass' AND building_category = 'Residential'"
"What are the maximum U-values for exterior walls in climate zones with a high cooling load, and what are their corresponding orientations?","SELECT assembly_maximum_u_value, orientation FROM envelope_requirements_90_1 WHERE (climate_zone_set LIKE '%4%' OR climate_zone_set LIKE '%5%') AND intended_surface_type LIKE '%Wall' ORDER BY assembly_maximum_u_value DESC"
Which space types have the highest lighting power densities and require automatic daylight responsive controls for sidelighting?,"SELECT lighting_primary_space_type, lighting_power_density FROM level_3_lighting_90_1_2019 WHERE automatic_daylight_responsive_controls_for_sidelighting = 'REQ' AND lighting_power_density > 2.0 ORDER BY lighting_power_density DESC"
"What are the minimum thermal resistance values for insulation materials used in building constructions, and what are their corresponding densities?","SELECT name, material_type, thickness, resistance, density FROM support_materials WHERE material_type = 'StandardOpaqueMaterial' AND resistance > 10 ORDER BY resistance DESC"
"Which space types require both automatic partial-off controls and daylight responsive controls, and how do their lighting power densities compare?","SELECT lighting_primary_space_type, lighting_power_density FROM level_3_lighting_90_1_2019 WHERE automatic_partial_off = 'REQ' AND automatic_daylight_responsive_controls_for_sidelighting = 'REQ' ORDER BY lighting_power_density DESC"
"Which climate zones have the most stringent requirements for exterior roof constructions, and what are their corresponding U-values?","SELECT template, climate_zone_set, assembly_maximum_u_value FROM envelope_requirements_90_1 WHERE intended_surface_type LIKE '%Roof%' AND climate_zone_set LIKE '%7%' ORDER BY assembly_maximum_u_value DESC"
Which space types have the highest natural gas equipment loads and what percentage of their heat is lost rather than contributing to space conditioning?,"SELECT natural_gas_equipment_space_type_name, natural_gas_equipment_average_epd, natural_gas_equipment_fraction_lost FROM level_2_natural_gas_equipment WHERE natural_gas_equipment_average_epd > 100 ORDER BY natural_gas_equipment_average_epd DESC"
What is the maximum permitted assembly U-value for a residential exterior wall in Climate Zone 3B according to IECC-2015?,"SELECT assembly_maximum_u_value, assembly_maximum_u_value_unit FROM envelope_requirements_IECC WHERE template = 'IECC-2015' AND climate_zone_set LIKE '%3%' AND intended_surface_type LIKE '%Wall%' AND standards_construction_type = 'Mass' AND building_category = 'Residential'"
Which space types in ASHRAE 90.1-2013 have supplemental lighting allowances or special control requirements?,"SELECT lighting_primary_space_type, lighting_secondary_space_type, lighting_power_density, supplemental_lighting_power_density, automatic_full_off, scheduled_shutoff, method, annotation FROM level_3_lighting_90_1_2013 WHERE supplemental_lighting_power_density IS NOT NULL OR automatic_full_off IS NOT NULL OR scheduled_shutoff IS NOT NULL"
Which constructions in the support_constructions table have insulation layers?,"SELECT name, intended_surface_type, standards_construction_type, insulation_layer FROM support_constructions WHERE insulation_layer IS NOT NULL"
What is the maximum permitted assembly U-value for a residential exterior roof in Climate Zone 4A according to IECC-2012?,"SELECT assembly_maximum_u_value, assembly_maximum_u_value_unit FROM envelope_requirements_IECC WHERE template = 'IECC-2012' AND climate_zone_set LIKE '%4%' AND intended_surface_type LIKE '%Roof%' AND building_category LIKE '%Residential%'"
Which space types in ASHRAE 90.1-2016 have daylight responsive controls?,"SELECT lighting_primary_space_type, automatic_daylight_responsive_controls_for_sidelighting, automatic_daylight_responsive_controls_for_toplighting, method, annotation FROM level_3_lighting_90_1_2016 WHERE automatic_daylight_responsive_controls_for_sidelighting IS NOT NULL OR automatic_daylight_responsive_controls_for_toplighting IS NOT NULL"
What are the maximum U-values for exterior walls in climate zones 4 and 5 according to ASHRAE 90.1-2013?,"SELECT id, template, climate_zone_set, intended_surface_type, assembly_maximum_u_value FROM envelope_requirements_90_1 WHERE (climate_zone_set LIKE '%4%' OR climate_zone_set LIKE '%5%') AND intended_surface_type LIKE '%Wall' ORDER BY assembly_maximum_u_value"
Which space types have the highest lighting power density and require automatic daylight responsive controls for sidelighting in ASHRAE 90.1-2019?,"SELECT lighting_primary_space_type, lighting_power_density, automatic_daylight_responsive_controls_for_sidelighting FROM level_3_lighting_90_1_2019 WHERE automatic_daylight_responsive_controls_for_sidelighting = 'REQ' ORDER BY lighting_power_density DESC"
What are the minimum integrated part load values for water-cooled screw chillers with a capacity between 100 and 200 tons in IECC-2006?,"SELECT template, cooling_type, compressor_type, minimum_capacity, maximum_capacity, start_date, end_date, minimum_integrated_part_load_value FROM hvac_minimum_requirements_chillers_IECC WHERE template = 'IECC-2006' AND cooling_type = 'WaterCooled' AND compressor_type = 'Rotary Screw' AND minimum_capacity <= 200 AND maximum_capacity >= 100"
Which ventilation space types have high ventilation rates above 0.5 cfm/ft² and do not rely on per-person requirements in ASHRAE 62.1-1999?,"SELECT ventilation_primary_space_type, ventilation_rate_occupant, ventilation_rate_area FROM level_3_ventilation_62_1_1999 WHERE ventilation_rate_occupant = 0 AND ventilation_rate_area > 0.5 ORDER BY ventilation_rate_area DESC"
What are the maximum solar heat gain coefficients for skylights in climate zones 6 and 7 according to ASHRAE 90.1-2013?,"SELECT id, template, climate_zone_set, intended_surface_type, assembly_maximum_solar_heat_gain_coefficient FROM envelope_requirements_90_1 WHERE (climate_zone_set LIKE '%6%' OR climate_zone_set LIKE '%7%') AND intended_surface_type LIKE '%Skylight' ORDER BY assembly_maximum_solar_heat_gain_coefficient"
Which space types have the most stringent RCR thresholds and require automatic partial-off controls in ASHRAE 90.1-2019?,"SELECT lighting_primary_space_type, rcr_threshold, automatic_partial_off FROM level_3_lighting_90_1_2019 WHERE automatic_partial_off = 'REQ' AND rcr_threshold <= 4 ORDER BY rcr_threshold"
What are the minimum visible transmittances for windows in climate zones 3 and 4 according to IECC?,"SELECT id, template, climate_zone_set, intended_surface_type, assembly_minimum_visible_transmittance FROM envelope_requirements_IECC WHERE (climate_zone_set LIKE '%3%' OR climate_zone_set LIKE '%4%') AND intended_surface_type LIKE '%Window' ORDER BY assembly_minimum_visible_transmittance"
Which equipment types have the highest minimum coefficients of performance for heating in ASHRAE 90.1-2013?,"SELECT equipment_type, subcategory, rating_condition, minimum_coefficient_of_performance_heating FROM hvac_minimum_requirements_heat_pumps_heating_90_1 ORDER BY minimum_coefficient_of_performance_heating DESC"
What are the maximum U-values for floors in climate zones 5 and 6 according to ASHRAE 90.1-2013?,"SELECT id, template, climate_zone_set, intended_surface_type, assembly_maximum_u_value FROM envelope_requirements_90_1 WHERE (climate_zone_set LIKE '%5%' OR climate_zone_set LIKE '%6%') AND intended_surface_type LIKE '%Floor' ORDER BY assembly_maximum_u_value"
What are the maximum U-values for walls in climate zones 4 and 5 under ASHRAE 90.1 standards?,"SELECT id, template, climate_zone_set, intended_surface_type, assembly_maximum_u_value FROM envelope_requirements_90_1 WHERE (climate_zone_set LIKE '%4%' OR climate_zone_set LIKE '%5%') AND intended_surface_type LIKE '%Wall'"
"How do the EER and IEER requirements compare between air-cooled and water-cooled single package air conditioners in the 150,000-300,000 Btu/hr range for units installed after 2015?","SELECT template, equipment_type, cooling_type, heating_type, subcategory, minimum_capacity, maximum_capacity, minimum_energy_efficiency_ratio AS eer, minimum_integrated_energy_efficiency_ratio AS ieer FROM hvac_minimum_requirements_unitary_air_conditioners_90_1 WHERE equipment_type = 'Air Conditioners' AND subcategory = 'Single Package' AND (cooling_type LIKE '%AirCooled%' OR cooling_type LIKE '%WaterCooled%') AND minimum_capacity <= 300000 AND maximum_capacity >= 150000 AND start_date > '2015-01-01'"
"What are the lighting power densities for retail spaces in IECC standards, and how do they vary by facility class or type?","SELECT lighting_primary_space_type, lighting_secondary_space_type, lighting_power_density, method FROM level_3_lighting_IECC_2006 WHERE (lighting_primary_space_type LIKE '%Retail%' OR lighting_secondary_space_type LIKE '%Store%') ORDER BY lighting_power_density DESC"
What are the maximum solar heat gain coefficients for windows in climate zones 6 and 7 under ASHRAE 90.1 standards?,"SELECT id, template, climate_zone_set, intended_surface_type, assembly_maximum_solar_heat_gain_coefficient FROM envelope_requirements_90_1 WHERE (climate_zone_set LIKE '%6%' OR climate_zone_set LIKE '%7%') AND intended_surface_type LIKE '%Window'"
What are the envelope requirements for residential exterior walls in Climate Zone 4A according to IECC-2012?,"SELECT id, template, climate_zone_set, intended_surface_type, standards_construction_type, building_category FROM envelope_requirements_IECC WHERE template = 'IECC-2012' AND climate_zone_set LIKE '%4%' AND intended_surface_type LIKE '%Wall%' AND building_category LIKE '%Residential'"
How do the minimum AFUE values differ between natural gas furnaces and electric furnaces in ASHRAE 90.1-2016?,"SELECT template, equipment_type, fuel_type, minimum_annual_fuel_utilization_efficiency FROM hvac_minimum_requirements_furnaces_90_1 WHERE template = '90.1-2016' AND (fuel_type = 'NaturalGas' OR fuel_type = 'Electric')"
What is the minimum annual fuel utilization efficiency required for a 150 kBtu/hr natural gas furnace installed in 2018 according to ASHRAE 90.1-2016?,"SELECT template, equipment_type, fuel_type, minimum_annual_fuel_utilization_efficiency FROM hvac_minimum_requirements_furnaces_90_1 WHERE template = '90.1-2016' AND equipment_type LIKE '%Furnace%' AND fuel_type = 'NaturalGas' AND (minimum_capacity <= 150000 AND maximum_capacity >= 150000)"
Compare the envelope requirements for residential exterior walls in Climate Zone 4A between IECC-2012 and ASHRAE 90.1-2010?,"SELECT template, climate_zone_set, intended_surface_type, standards_construction_type FROM envelope_requirements_IECC WHERE template = 'IECC-2012' AND climate_zone_set LIKE '%4%' AND intended_surface_type LIKE '%Wall%' AND building_category LIKE '%Residential' UNION SELECT template, climate_zone_set, intended_surface_type, standards_construction_type FROM envelope_requirements_90_1 WHERE template = '90.1-2010' AND climate_zone_set LIKE '%4%' AND intended_surface_type LIKE '%Wall%' AND building_category LIKE '%Residential'"
"What are the envelope requirements for walls in ASHRAE 90.1, specifically in climate zones with moderate temperatures?","SELECT id, template, climate_zone_set, intended_surface_type, standards_construction_type, assembly_maximum_u_value FROM envelope_requirements_90_1 WHERE (climate_zone_set LIKE '%3%' OR climate_zone_set LIKE '%4%') AND intended_surface_type LIKE '%Wall'"
How do the lighting power densities for retail spaces vary between ASHRAE 90.1 and IECC standards?,"SELECT lighting_primary_space_type, lighting_power_density, method FROM level_3_lighting_IECC_2006 WHERE lighting_primary_space_type LIKE '%Retail%' UNION SELECT lighting_primary_space_type, lighting_power_density, method FROM level_3_lighting_90_1_2010 WHERE lighting_primary_space_type LIKE '%Retail'"
"What are the maximum U-values for roofs in IECC, specifically for residential buildings in climate zones with high temperatures?","SELECT id, template, climate_zone_set, intended_surface_type, standards_construction_type, assembly_maximum_u_value FROM envelope_requirements_IECC WHERE (climate_zone_set LIKE '%5%' OR climate_zone_set LIKE '%6%') AND building_category LIKE '%Residential' AND intended_surface_type LIKE '%Roof'"
"Which support constructions have the most insulation layers, and what are their corresponding material types?","SELECT name, intended_surface_type, standards_construction_type, insulation_layer, material_1, material_2, material_3 FROM support_constructions ORDER BY insulation_layer DESC LIMIT 5"
"What are the minimum visible transmittance values for windows in ASHRAE 90.1, specifically for non-residential buildings in climate zones with low temperatures?","SELECT id, template, climate_zone_set, intended_surface_type, standards_construction_type, assembly_minimum_visible_transmittance FROM envelope_requirements_90_1 WHERE (climate_zone_set LIKE '%1%' OR climate_zone_set LIKE '%2%') AND building_category NOT LIKE '%Residential' AND intended_surface_type LIKE '%Window'"
"Which level 1 space types have the highest lighting power densities, and what are their corresponding ventilation rates?","SELECT id, space_type_name, lighting_space_type_name, ventilation_space_type_name FROM level_1_space_types ORDER BY lighting_space_type_name DESC LIMIT 5"
How do the EER and IEER requirements compare between air-cooled and water-cooled condensing units in ASHRAE 90.1-2010 for units installed after 2010?,"SELECT template, equipment_type, cooling_type, minimum_capacity, maximum_capacity, minimum_energy_efficiency_ratio as eer, minimum_integrated_part_load_value as iplv FROM hvac_minimum_requirements_unitary_air_conditioners_90_1 WHERE template LIKE '%90.1-2010%' AND equipment_type = 'Condensing Units' AND (cooling_type = 'AirCooled' OR cooling_type = 'WaterCooled') AND start_date > '2010-01-01'"
What are the maximum U-values for roofs in climate zones 4 and 5 according to ASHRAE 90.1-2007?,"SELECT intended_surface_type, assembly_maximum_u_value FROM envelope_requirements_90_1 WHERE template LIKE '%90.1-2007%' AND (climate_zone_set LIKE '%4%' OR climate_zone_set LIKE '%5%') AND intended_surface_type LIKE '%Roof%'"
What are the most common space types that use level_3_lighting_90_1_2022 and have RCR thresholds above 6?,"SELECT lighting_primary_space_type, COUNT(*) as count FROM level_3_lighting_90_1_2022 WHERE rcr_threshold > 6 GROUP BY lighting_primary_space_type ORDER BY count DESC LIMIT 5"
Compare the lighting power density requirements between CS and SS methods for office space types in ASHRAE 90.1-2004 and 90.1-2010?,"SELECT lighting_primary_space_type, method, lighting_power_density FROM level_3_lighting_90_1_2004 WHERE lighting_primary_space_type LIKE '%Office%' UNION ALL SELECT lighting_primary_space_type, method, lighting_power_density FROM level_3_lighting_90_1_2010 WHERE lighting_primary_space_type LIKE '%Office%'"
"What are the efficiency requirements for high-speed motors in the 20-30 HP range, and what's the efficiency penalty for going to slower motors?","SELECT template, number_of_poles, synchronous_speed, type, minimum_capacity, maximum_capacity, nominal_full_load_efficiency FROM hvac_minimum_requirements_motors_90_1 WHERE minimum_capacity <= 30 AND maximum_capacity >= 20 AND number_of_poles IN (2, 4) ORDER BY nominal_full_load_efficiency DESC"
What is the maximum permitted assembly U-value for a residential exterior wall in Climate Zone 3 according to IECC-2012?,"SELECT assembly_maximum_u_value, assembly_maximum_u_value_unit FROM envelope_requirements_IECC WHERE template = 'IECC-2012' AND climate_zone_set LIKE '%3%' AND intended_surface_type LIKE '%Wall%' AND building_category LIKE '%Residential'"
What are the envelope requirements for roofs in Climate Zone 7 according to IECC-2009?,"SELECT id, template, climate_zone_set, intended_surface_type, standards_construction_type, building_category, assembly_maximum_u_value FROM envelope_requirements_IECC WHERE template = 'IECC-2009' AND climate_zone_set LIKE '%7%' AND intended_surface_type LIKE '%Roof'"
What are the maximum U-values for exterior walls in Climate Zone 5 according to ASHRAE 90.1-2010?,"SELECT assembly_maximum_u_value, assembly_maximum_u_value_unit FROM envelope_requirements_90_1 WHERE template = '90.1-2010' AND climate_zone_set LIKE '%5%' AND intended_surface_type LIKE '%Wall'"
How do the ventilation requirements differ between educational spaces (classrooms vs labs) in terms of per-person and occupancy assumptions?,"SELECT ventilation_primary_space_type, ventilation_secondary_space_type, ventilation_rate_occupant, ventilation_rate_area FROM level_3_ventilation_62_1_1999 WHERE ventilation_primary_space_type LIKE '%Education%' ORDER BY ventilation_rate_occupant DESC"
What are the exterior lighting requirements for parking garages in 90.1-2013?,"SELECT lighting_zone, allowance_type, allowance, allowance_unit FROM exterior_lighting_90_1 WHERE template = '90.1-2013' AND allowance_type LIKE '%parking%'"
What is the minimum visible transmittance for skylights in Climate Zone 4 according to IECC?,SELECT assembly_minimum_visible_transmittance FROM envelope_requirements_IECC WHERE climate_zone_set LIKE '%4%' AND intended_surface_type LIKE '%Skylight%'
How do the energy recovery requirements differ between heating and cooling design conditions for cold climates (zones 6-8) in ASHRAE 90.1-2007?,"SELECT template, climate_zone, design_conditions, under_8000_hours FROM system_requirements_energy_recovery_90_1 WHERE (climate_zone LIKE '%6%' OR climate_zone LIKE '%7%' OR climate_zone LIKE '%8%') AND template = '90.1-2007' ORDER BY climate_zone"
What are the envelope requirements for residential buildings in Climate Zone 3A according to ASHRAE 90.1-2004?,"SELECT assembly_maximum_u_value, assembly_maximum_u_value_unit FROM envelope_requirements_90_1 WHERE template = '90.1-2004' AND climate_zone_set LIKE '%3A%' AND building_category LIKE '%Residential%'"
How do the lighting requirements differ between office spaces (private offices vs open offices) in terms of target illuminance setpoints?,"SELECT level_2_lighting_space_types.lighting_space_type_name, level_3_lighting_code_definition_table, lighting_space_type_target_illuminance_setpoint FROM level_2_lighting_space_types WHERE lighting_space_type_name LIKE '%office%' ORDER BY lighting_space_type_target_illuminance_setpoint DESC"
What are the maximum U-values for roofs in climate zones 3 and 4 according to ASHRAE 90.1-2010?,"SELECT id, template, intended_surface_type, standards_construction_type, assembly_maximum_u_value FROM envelope_requirements_90_1 WHERE (climate_zone_set LIKE '%3%' OR climate_zone_set LIKE '%4%') AND intended_surface_type LIKE '%Roof%' AND template = '90.1-2010'"
"What are the insulation materials with thermal resistance above 20 and density below 2.0, according to support_materials?","SELECT name, material_type, thickness, resistance, density FROM support_materials WHERE resistance > 20 AND density < 2.0"
Which space types require the highest illuminance levels above 300 Lux across any code version in level_2_lighting_space_types?,"SELECT DISTINCT lighting_space_type_name, MAX(lighting_space_type_target_illuminance_setpoint) as max_illuminance FROM level_2_lighting_space_types WHERE lighting_space_type_target_illuminance_setpoint > 300 GROUP BY lighting_space_type_name ORDER BY max_illuminance DESC"
What are the maximum solar heat gain coefficients for windows in climate zones 5 and 6 according to IECC?,"SELECT id, template, intended_surface_type, standards_construction_type, assembly_maximum_solar_heat_gain_coefficient FROM envelope_requirements_IECC WHERE (climate_zone_set LIKE '%5%' OR climate_zone_set LIKE '%6%') AND intended_surface_type LIKE '%Window%'"
What are the envelope requirements for walls in climate zones 7 and 8 according to ASHRAE 90.1-2010?,"SELECT id, template, intended_surface_type, standards_construction_type, assembly_maximum_u_value FROM envelope_requirements_90_1 WHERE (climate_zone_set LIKE '%7%' OR climate_zone_set LIKE '%8%') AND intended_surface_type LIKE '%Wall%' AND template = '90.1-2010'"
How do the control requirements vary for facilities serving different occupant types in terms of lighting power density?,"SELECT lighting_primary_space_type, lighting_secondary_space_type, lighting_power_density, automatic_partial_off, scheduled_shutoff, annotation FROM level_3_lighting_90_1_2013 WHERE (lighting_primary_space_type LIKE '%Office%' OR lighting_secondary_space_type LIKE '%Residential%') AND lighting_power_density IS NOT NULL ORDER BY lighting_power_density DESC"
"What's the efficiency trade-off between fan types for cooling towers, and how have the GPM per HP requirements changed across ASHRAE 90.1 versions?","SELECT template, equipment_type, fan_type, minimum_performance_gpm_per_hp, annotation FROM hvac_minimum_requirements_heat_rejection_90_1 WHERE equipment_type LIKE '%Cooling Tower%' AND minimum_performance_gpm_per_hp IS NOT NULL AND (template = '90.1-2013' OR template = '90.1-2019') ORDER BY fan_type, template"
What are the envelope requirements for walls in climate zones 4 and 5 according to ASHRAE 90.1?,"SELECT id, template, climate_zone_set, intended_surface_type, standards_construction_type, building_category, construction FROM envelope_requirements_90_1 WHERE (climate_zone_set LIKE '%4%' OR climate_zone_set LIKE '%5%') AND intended_surface_type LIKE '%Wall'"
How do the lighting power densities compare between retail spaces and office spaces in the PRM baseline?,"SELECT lighting_primary_space_type, lighting_secondary_space_type, lighting_power_density, annotation FROM level_3_lighting_90_1_2010_prm WHERE lighting_primary_space_type LIKE '%Retail%' OR lighting_primary_space_type LIKE '%Office%' ORDER BY lighting_power_density DESC"
What are the maximum U-values for roofs in climate zones 6 and 7 according to IECC?,"SELECT id, template, climate_zone_set, intended_surface_type, standards_construction_type, assembly_maximum_u_value FROM envelope_requirements_IECC WHERE (climate_zone_set LIKE '%6%' OR climate_zone_set LIKE '%7%') AND intended_surface_type LIKE '%Roof'"
What are the envelope requirements for floors in climate zones 3 and 4 according to ASHRAE 90.1-2010?,"SELECT id, template, climate_zone_set, intended_surface_type, standards_construction_type, building_category FROM envelope_requirements_90_1_prm WHERE (climate_zone_set LIKE '%3%' OR climate_zone_set LIKE '%4%') AND intended_surface_type LIKE '%Floor'"
How do the ventilation rates compare between different ventilation space types in ASHRAE 62.1-2007?,"SELECT ventilation_primary_space_type, ventilation_secondary_space_type, ventilation_rate_occupant, ventilation_rate_area FROM level_3_ventilation_62_1_2007 ORDER BY ventilation_rate_area DESC"
What are the maximum solar heat gain coefficients for windows in climate zones 5 and 6 according to IECC?,"SELECT id, template, climate_zone_set, intended_surface_type, assembly_maximum_solar_heat_gain_coefficient FROM envelope_requirements_IECC WHERE (climate_zone_set LIKE '%5%' OR climate_zone_set LIKE '%6%') AND intended_surface_type LIKE '%Window'"
What are the maximum allowed U-values for walls in climate zones 4 and 5 according to ASHRAE 90.1?,"SELECT id, template, climate_zone_set, intended_surface_type, assembly_maximum_u_value FROM envelope_requirements_90_1 WHERE (climate_zone_set LIKE '%4%' OR climate_zone_set LIKE '%5%') AND intended_surface_type LIKE '%Wall' ORDER BY climate_zone_set"
"What are the minimum EER requirements for air-cooled heat pumps in the 120,000-240,000 Btu/hr range installed after 2015 according to IECC?","SELECT template, equipment_type, cooling_type, subcategory, minimum_energy_efficiency_ratio as eer, start_date FROM hvac_minimum_requirements_heat_pumps_cooling_IECC WHERE equipment_type = 'Heat Pumps' AND cooling_type = 'AirCooled' AND minimum_capacity >= 120000 AND maximum_capacity <= 240000 AND start_date > '2015-01-01'"
How do the off-mode power requirements compare between Small Duct High Velocity systems and regular heat pumps in the Southwestern region across different ASHRAE 90.1 versions?,"SELECT template, equipment_type, region, subcategory, minimum_seasonal_energy_efficiency_ratio, off_mode_power FROM hvac_minimum_requirements_heat_pumps_cooling_90_1 WHERE region = 'Southwestern' AND (equipment_type = 'Small Duct High Velocity' OR (equipment_type = 'Heat Pumps' AND subcategory = 'Single Package')) ORDER BY equipment_type, template"
Which space types have the highest natural gas equipment loads and what percentage of their heat is lost rather than contributing to space conditioning in ASHRAE 90.1-2019?,"SELECT DISTINCT natural_gas_equipment_space_type_name, MAX(natural_gas_equipment_average_epd) as max_epd, natural_gas_equipment_fraction_lost FROM level_2_natural_gas_equipment GROUP BY natural_gas_equipment_space_type_name, natural_gas_equipment_fraction_lost ORDER BY max_epd DESC"
What are the maximum allowed SHGC values for windows in climate zones 3 and 4 according to IECC?,"SELECT id, template, climate_zone_set, intended_surface_type, assembly_maximum_solar_heat_gain_coefficient FROM envelope_requirements_IECC WHERE (climate_zone_set LIKE '%3%' OR climate_zone_set LIKE '%4%') AND intended_surface_type LIKE '%Window' ORDER BY climate_zone_set"
"What are the minimum SEER requirements for air-cooled heat pumps in the 120,000-240,000 Btu/hr range installed after 2010 according to ASHRAE 90.1?","SELECT template, equipment_type, cooling_type, subcategory, minimum_seasonal_energy_efficiency_ratio_2 as seer, start_date FROM hvac_minimum_requirements_heat_pumps_cooling_90_1 WHERE equipment_type = 'Heat Pumps' AND cooling_type = 'AirCooled' AND minimum_capacity >= 120000 AND maximum_capacity <= 240000 AND start_date > '2010-01-01'"
How do the U-value requirements compare between walls and roofs in climate zones 5 and 6 according to ASHRAE 90.1-2019?,"SELECT id, template, climate_zone_set, intended_surface_type, assembly_maximum_u_value FROM envelope_requirements_90_1 WHERE (climate_zone_set LIKE '%5%' OR climate_zone_set LIKE '%6%') AND (intended_surface_type LIKE '%Wall' OR intended_surface_type LIKE '%Roof') ORDER BY climate_zone_set, intended_surface_type"
What are the envelope requirements for roofs in ASHRAE 90.1-2013 across different climate zones?,"SELECT id, template, climate_zone_set, intended_surface_type, assembly_maximum_u_value FROM envelope_requirements_90_1 WHERE intended_surface_type LIKE '%Roof%' AND template = '90.1-2013'"
How have the COP requirements at low outdoor temperatures evolved over different ASHRAE 90.1 versions for large commercial heat pumps?,"SELECT template, equipment_type, rating_condition, minimum_capacity, maximum_capacity, minimum_coefficient_of_performance_heating FROM hvac_minimum_requirements_heat_pumps_heating_90_1 WHERE rating_condition LIKE '%17F%' AND minimum_capacity >= 135000 ORDER BY template"
What are the BTU/hr per HP requirements for evaporative condensers with the same fan type under current IECC standards?,"SELECT template, equipment_type, fan_type, test_fluid, minimum_performance_btu_per_hr_per_hp FROM hvac_minimum_requirements_heat_rejection_IECC WHERE equipment_type = 'Evaporative Condenser' AND fan_type = 'Propeller or Axial' ORDER BY test_fluid"
What's the performance difference between space-constrained and standard heat pumps for small applications across different rating conditions?,"SELECT template, equipment_type, subcategory, rating_condition, minimum_capacity, maximum_capacity, minimum_coefficient_of_performance_heating FROM hvac_minimum_requirements_heat_pumps_heating_90_1 WHERE ((equipment_type = 'SPVHP' AND subcategory LIKE '%Nonweatherized%') OR (equipment_type = 'Heat Pumps')) AND minimum_capacity <= 30000 AND maximum_capacity >= 10000 ORDER BY equipment_type, rating_condition"
How have the U-factor requirements for windows evolved over different ASHRAE 90.1 versions for residential buildings?,"SELECT template, intended_surface_type, assembly_maximum_u_value FROM envelope_requirements_90_1 WHERE intended_surface_type LIKE '%Window%' AND building_category = 'Residential' ORDER BY template"
What are the envelope requirements for walls in climate zones 4 or 5 under ASHRAE 90.1 standards?,"SELECT id, template, climate_zone_set, intended_surface_type, assembly_maximum_u_value FROM envelope_requirements_90_1 WHERE (climate_zone_set LIKE '%4%' OR climate_zone_set LIKE '%5%') AND intended_surface_type LIKE '%Wall'"
Which space types require the highest illuminance levels above 300 Lux across any code version?,"SELECT DISTINCT lighting_space_type_name, MAX(lighting_space_type_target_illuminance_setpoint) AS max_illuminance, lighting_technology_name FROM level_2_lighting_space_types WHERE lighting_space_type_target_illuminance_setpoint > 300 GROUP BY lighting_space_type_name, lighting_technology_name ORDER BY max_illuminance DESC"
"What are the minimum and maximum capacities for air conditioners under IECC standards, and how do they vary by equipment type?","SELECT DISTINCT template, equipment_type, MIN(minimum_capacity) AS min_cap, MAX(maximum_capacity) AS max_cap FROM hvac_minimum_requirements_unitary_air_conditioners_IECC GROUP BY template, equipment_type ORDER BY equipment_type"
"What are the envelope requirements for floors in climate zones 6 or 7 under IECC standards, and how do they vary by building category?","SELECT id, template, climate_zone_set, intended_surface_type, assembly_maximum_u_value FROM envelope_requirements_IECC WHERE (climate_zone_set LIKE '%6%' OR climate_zone_set LIKE '%7%') AND intended_surface_type LIKE '%Floor%' GROUP BY building_category ORDER BY building_category"
What are the minimum U-values for exterior walls in climate zones 4-6 under ASHRAE 90.1-2019 standards?,"SELECT id, template, climate_zone_set, intended_surface_type, assembly_maximum_u_value FROM envelope_requirements_90_1 WHERE (climate_zone_set LIKE '%4%' OR climate_zone_set LIKE '%5%' OR climate_zone_set LIKE '%6%') AND intended_surface_type LIKE '%Wall' AND template = '90.1-2019'"
Which climate zones have the most stringent requirements for skylight U-values in ASHRAE 90.1-2022 standards?,"SELECT DISTINCT climate_zone_set, assembly_maximum_u_value FROM envelope_requirements_90_1 WHERE intended_surface_type LIKE '%Skylight%' AND template = '90.1-2022' ORDER BY assembly_maximum_u_value ASC"
How do the envelope requirements for roofs compare between different building categories in IECC standards?,"SELECT id, climate_zone_set, intended_surface_type, building_category, assembly_maximum_u_value FROM envelope_requirements_IECC WHERE intended_surface_type LIKE '%Roof%' AND (building_category LIKE '%Residential%' OR building_category LIKE '%Commercial%') ORDER BY assembly_maximum_u_value ASC"
What are the minimum VT/SHGC requirements for skylights in ASHRAE 90.1-2019 standards for buildings with high occupant density?,"SELECT id, template, climate_zone_set, intended_surface_type, assembly_minimum_vt_shgc FROM envelope_requirements_90_1 WHERE intended_surface_type LIKE '%Skylight%' AND (climate_zone_set LIKE '%4%' OR climate_zone_set LIKE '%5%') AND template = '90.1-2019' ORDER BY assembly_minimum_vt_shgc ASC"
How do the HVAC efficiency requirements compare between different fuel types for furnaces under current IECC standards?,"SELECT template, equipment_type, fuel_type, minimum_capacity, maximum_capacity, minimum_annual_fuel_utilization_efficiency FROM hvac_minimum_requirements_furnaces_IECC WHERE (fuel_type = 'Gas' OR fuel_type = 'Oil') AND minimum_capacity <= 200000 ORDER BY minimum_annual_fuel_utilization_efficiency DESC"
Which space types in ASHRAE 90.1 have the highest maximum U-values for roofs and what are their corresponding solar heat gain coefficients?,"SELECT intended_surface_type, assembly_maximum_u_value, assembly_maximum_solar_heat_gain_coefficient FROM envelope_requirements_90_1 WHERE intended_surface_type LIKE '%Roof%' ORDER BY assembly_maximum_u_value DESC"
What are the envelope requirements for walls in IECC and what are their corresponding U-values?,"SELECT intended_surface_type, assembly_maximum_u_value FROM envelope_requirements_IECC WHERE intended_surface_type LIKE '%Wall%' ORDER BY assembly_maximum_u_value"
Which space types in ASHRAE 90.1 have the most restrictive RCR thresholds but still allow ADD2 controls instead of requiring them?,"SELECT lighting_primary_space_type, rcr_threshold, automatic_full_off FROM level_3_lighting_90_1_2022 WHERE rcr_threshold <= 4 AND (automatic_full_off = 'ADD2' OR scheduled_shutoff = 'ADD2') ORDER BY rcr_threshold"
What are the envelope requirements for floors in climate zones 6 and 7 according to IECC?,"SELECT intended_surface_type, assembly_maximum_u_value FROM envelope_requirements_IECC WHERE (climate_zone_set LIKE '%6%' OR climate_zone_set LIKE '%7%') AND intended_surface_type LIKE '%Floor%' ORDER BY assembly_maximum_u_value"
Which level 2 electric equipment space types have the highest average EPDs and what are their corresponding median EPDs?,"SELECT electric_equipment_space_type_name, electric_equipment_average_epd, electric_equipment_median_epd FROM level_2_electric_equipment ORDER BY electric_equipment_average_epd DESC"
What are the support constructions for roofs and walls in ASHRAE 90.1 and what are their corresponding insulation layers?,"SELECT name, intended_surface_type, insulation_layer FROM support_constructions WHERE (intended_surface_type LIKE '%Roof%' OR intended_surface_type LIKE '%Wall%') ORDER BY name"
What are the envelope requirements for walls in climate zones 4 and 5 under ASHRAE 90.1-2022 standards?,"SELECT id, template, climate_zone_set, intended_surface_type, assembly_maximum_u_value, annotation FROM envelope_requirements_90_1 WHERE (climate_zone_set LIKE '%4%' OR climate_zone_set LIKE '%5%') AND intended_surface_type LIKE '%Wall%' AND template = '90.1-2022'"
How have the solar heat gain coefficient (SHGC) requirements changed for windows in IECC-2018 and IECC-2021 standards?,"SELECT template, climate_zone_set, intended_surface_type, assembly_maximum_solar_heat_gain_coefficient, annotation FROM envelope_requirements_IECC WHERE intended_surface_type LIKE '%Window%' AND (template = 'IECC-2018' OR template = 'IECC-2021') ORDER BY template"
What are the maximum U-values allowed for roofs in climate zones 3 and 4 under ASHRAE 90.1-2022 standards?,"SELECT id, template, climate_zone_set, intended_surface_type, assembly_maximum_u_value, annotation FROM envelope_requirements_90_1 WHERE (climate_zone_set LIKE '%3%' OR climate_zone_set LIKE '%4%') AND intended_surface_type LIKE '%Roof%' AND template = '90.1-2022'"
How do the water-source and ground-source VRF systems compare in terms of cooling efficiency requirements under ASHRAE 90.1-2016 standards?,"SELECT template, equipment_type, subcategory, minimum_energy_efficiency_ratio, start_date, end_date, annotation FROM hvac_minimum_requirements_variable_refrigerant_flow_systems_90_1 WHERE (equipment_type LIKE '%WaterSource%' OR equipment_type LIKE '%GroundSource%') AND template = '90.1-2016'"
What are the envelope requirements for floors in climate zone 5 under IECC-2021 standards?,"SELECT id, template, climate_zone_set, intended_surface_type, assembly_maximum_u_value, annotation FROM envelope_requirements_IECC WHERE climate_zone_set LIKE '%5%' AND intended_surface_type LIKE '%Floor%' AND template = 'IECC-2021'"
"Compare the U-values and solar heat gain coefficients of windows in climate zones 4, 5, or 6 under ASHRAE 90.1-2010 standards.","SELECT id, template, climate_zone_set, intended_surface_type, assembly_maximum_u_value, assembly_maximum_solar_heat_gain_coefficient FROM envelope_requirements_90_1 WHERE (climate_zone_set LIKE '%4%' OR climate_zone_set LIKE '%5%' OR climate_zone_set LIKE '%6%') AND template LIKE '%2010%' AND intended_surface_type LIKE '%Window%' ORDER BY assembly_maximum_u_value"
What are the envelope requirements for roofs in climate zone 7 under IECC standards?,"SELECT id, template, climate_zone_set, intended_surface_type, assembly_maximum_u_value FROM envelope_requirements_IECC WHERE climate_zone_set LIKE '%7%' AND intended_surface_type LIKE '%Roof%' ORDER BY assembly_maximum_u_value"
What are the envelope requirements for walls in climate zones 4 and 5 under ASHRAE 90.1-2013 standards?,"SELECT id, template, climate_zone_set, intended_surface_type, assembly_maximum_u_value FROM envelope_requirements_90_1 WHERE (climate_zone_set LIKE '%4%' OR climate_zone_set LIKE '%5%') AND intended_surface_type LIKE '%Wall'"
What are the envelope requirements for roofs in climate zones 6 and 7 under ASHRAE 90.1-2013 standards?,"SELECT id, template, climate_zone_set, intended_surface_type, assembly_maximum_u_value FROM envelope_requirements_90_1 WHERE (climate_zone_set LIKE '%6%' OR climate_zone_set LIKE '%7%') AND intended_surface_type LIKE '%Roof'"
Which space types require automatic daylight responsive controls for toplighting and have a lighting power density above 1.5 W/ft^2 under ASHRAE 90.1-2019 standards?,"SELECT lighting_primary_space_type, lighting_power_density, automatic_daylight_responsive_controls_for_toplighting FROM level_3_lighting_90_1_2019 WHERE automatic_daylight_responsive_controls_for_toplighting = 'REQ' AND lighting_power_density > 1.5 ORDER BY lighting_power_density DESC"
What are the insulation requirements for roofs in climate zones 3-5 under IECC 2021 standards?,"SELECT template, intended_surface_type, assembly_maximum_u_value FROM envelope_requirements_IECC WHERE (climate_zone_set LIKE '%3%' OR climate_zone_set LIKE '%4%' OR climate_zone_set LIKE '%5%') AND intended_surface_type LIKE '%Roof%' AND template = 'IECC-2021'"
What are the envelope requirements for walls in climate zones 4 or 5 under ASHRAE 90.1-2019?,"SELECT id, template, climate_zone_set, intended_surface_type, standards_construction_type, assembly_maximum_u_value FROM envelope_requirements_90_1 WHERE (climate_zone_set LIKE '%4%' OR climate_zone_set LIKE '%5%') AND intended_surface_type LIKE '%Wall'"
What are the envelope requirements for floors in climate zones 7 or 8 under ASHRAE 90.1-2013?,"SELECT id, template, climate_zone_set, intended_surface_type, standards_construction_type, assembly_maximum_u_value FROM envelope_requirements_90_1 WHERE (climate_zone_set LIKE '%7%' OR climate_zone_set LIKE '%8%') AND intended_surface_type LIKE '%Floor'"
How do the AFUE requirements for natural gas furnaces vary under different standards and versions?,"SELECT template, equipment_type, fuel_type, minimum_capacity, maximum_capacity, minimum_annual_fuel_utilization_efficiency, annotation FROM hvac_minimum_requirements_furnaces_90_1 WHERE equipment_type LIKE '%Warm Air Furnace%' AND fuel_type = 'NaturalGas' ORDER BY template, minimum_annual_fuel_utilization_efficiency DESC"
What are the level 1 space types that have electric equipment space type names containing 'Office'?,"SELECT id, space_type_name, lighting_space_type_name, ventilation_space_type_name, electric_equipment_space_type_name FROM level_1_space_types WHERE electric_equipment_space_type_name LIKE '%Office%'"
What are the envelope requirements for roofs in climate zone 4 under ASHRAE 90.1-2019 and IECC?,"SELECT id, template, climate_zone_set, intended_surface_type, standards_construction_type, assembly_maximum_u_value FROM envelope_requirements_90_1 WHERE climate_zone_set LIKE '%4%' AND intended_surface_type LIKE '%Roof%' AND (template LIKE '%90.1-2019%' OR template LIKE '%IECC%')"
How do the solar heat gain coefficients vary for different assemblies under ASHRAE 90.1-2016?,"SELECT id, template, climate_zone_set, intended_surface_type, assembly_maximum_solar_heat_gain_coefficient FROM envelope_requirements_90_1 WHERE template LIKE '%90.1-2016%' ORDER BY assembly_maximum_solar_heat_gain_coefficient DESC"
What are the envelope requirements for walls in ASHRAE 90.1-2016 for climate zones that include zone 4?,"SELECT id, template, climate_zone_set, intended_surface_type, standards_construction_type, assembly_maximum_u_value FROM envelope_requirements_90_1 WHERE (climate_zone_set LIKE '%4%') AND intended_surface_type LIKE '%Wall'"
Which space types in the 2010 PRM baseline have lighting power density requirements greater than 1.2 W/ft² and require daylight responsive controls?,"SELECT lighting_primary_space_type, lighting_secondary_space_type, method, lighting_power_density, automatic_daylight_responsive_controls_for_sidelighting FROM level_3_lighting_90_1_2010_prm WHERE lighting_power_density > 1.2 AND (automatic_daylight_responsive_controls_for_sidelighting = 'REQ' OR automatic_daylight_responsive_controls_for_toplighting = 'REQ')"
What are the minimum efficiency requirements for natural gas furnaces in IECC with a capacity between 100 and 200 kBtu/hr?,"SELECT template, equipment_type, fuel_type, minimum_capacity, maximum_capacity, minimum_annual_fuel_utilization_efficiency FROM hvac_minimum_requirements_furnaces_IECC WHERE fuel_type = 'NaturalGas' AND minimum_capacity <= 200000 AND (maximum_capacity >= 100000 OR maximum_capacity IS NULL)"
How do the envelope requirements for roofs compare between ASHRAE 90.1-2016 and IECC for buildings in climate zones that include zone 7?,"SELECT id, template, climate_zone_set, intended_surface_type, standards_construction_type, assembly_maximum_u_value FROM envelope_requirements_90_1 WHERE (climate_zone_set LIKE '%7%') AND intended_surface_type LIKE '%Roof%' UNION SELECT id, template, climate_zone_set, intended_surface_type, standards_construction_type, assembly_maximum_u_value FROM envelope_requirements_IECC WHERE (climate_zone_set LIKE '%7%') AND intended_surface_type LIKE '%Roof'"
What are the envelope requirements for floors in IECC for buildings in climate zones that include zone 5?,"SELECT id, template, climate_zone_set, intended_surface_type, standards_construction_type, assembly_maximum_u_value FROM envelope_requirements_IECC WHERE (climate_zone_set LIKE '%5%') AND intended_surface_type LIKE '%Floor'"
"What are the envelope requirements for walls in climate zones 4 and 5, according to ASHRAE 90.1?","SELECT id, template, climate_zone_set, intended_surface_type, standards_construction_type, building_category, construction, assembly_maximum_u_value FROM envelope_requirements_90_1 WHERE (climate_zone_set LIKE '%4%' OR climate_zone_set LIKE '%5%') AND intended_surface_type LIKE '%Wall' ORDER BY climate_zone_set"
"Which insulation materials provide the highest thermal resistance per inch of thickness, and how do their densities compare?","SELECT name, material_type, thickness, resistance, (resistance / thickness) as resistance_per_inch, density FROM support_materials WHERE material_type = 'StandardOpaqueMaterial' AND resistance > 20 AND thickness > 0 ORDER BY resistance_per_inch DESC LIMIT 10"
"Which climate zones require energy recovery for the smallest outdoor air CFM thresholds, and how do the effectiveness requirements vary?","SELECT template, climate_zone, under_8000_hours, design_conditions, percent_oa_70_to_80, percent_oa_greater_than_80, energy_recovery_effectiveness FROM system_requirements_energy_recovery_90_1 WHERE percent_oa_greater_than_80 IS NOT NULL AND percent_oa_greater_than_80 < 5000 ORDER BY percent_oa_greater_than_80, climate_zone"
"What are the envelope requirements for roofs in cold climates (zones 6-8), according to ASHRAE 90.1?","SELECT id, template, climate_zone_set, intended_surface_type, standards_construction_type, building_category, construction, assembly_maximum_u_value FROM envelope_requirements_90_1 WHERE (climate_zone_set LIKE '%6%' OR climate_zone_set LIKE '%7%' OR climate_zone_set LIKE '%8%') AND intended_surface_type LIKE '%Roof' ORDER BY climate_zone_set"
Which space types are classified as Air Class 2 (higher contamination) and how do their ventilation rates compare to Air Class 1 spaces?,"SELECT ventilation_primary_space_type, ventilation_secondary_space_type, air_class, ventilation_rate_occupant, ventilation_rate_area FROM level_3_ventilation_62_1_2004 WHERE air_class = 2 ORDER BY ventilation_rate_area DESC, ventilation_rate_occupant DESC"
How do the envelope requirements for walls in ASHRAE 90.1 compare to those in IECC?,"SELECT id, template, climate_zone_set, intended_surface_type, standards_construction_type, building_category, construction, assembly_maximum_u_value FROM envelope_requirements_90_1 WHERE intended_surface_type LIKE '%Wall' UNION SELECT id, template, climate_zone_set, intended_surface_type, standards_construction_type, building_category, construction, assembly_maximum_u_value FROM envelope_requirements_IECC WHERE intended_surface_type LIKE '%Wall'"
What are the ventilation requirements for spaces with high occupancy rates in ASHRAE 62.1?,"SELECT ventilation_primary_space_type, ventilation_secondary_space_type, air_class, ventilation_rate_occupant, ventilation_rate_area FROM level_3_ventilation_62_1_2004 WHERE ventilation_rate_occupant > 10 ORDER BY ventilation_rate_occupant DESC"
What are the envelope requirements for walls in climate zones 3 and 4 according to ASHRAE 90.1?,"SELECT id, template, climate_zone_set, intended_surface_type, assembly_maximum_u_value FROM envelope_requirements_90_1 WHERE (climate_zone_set LIKE '%3%' OR climate_zone_set LIKE '%4%') AND intended_surface_type LIKE '%Wall'"
What are the natural gas equipment requirements for kitchen-related spaces in ASHRAE 90.1?,"SELECT natural_gas_equipment_space_type_name, natural_gas_equipment_minimum_epd, natural_gas_equipment_median_epd, natural_gas_equipment_maximum_epd FROM level_2_natural_gas_equipment WHERE (natural_gas_equipment_space_type_name LIKE '%kitchen%' OR natural_gas_equipment_space_type_name LIKE '%deli%')"
Compare the energy recovery effectiveness for different climate zones in ASHRAE 90.1,"SELECT template, climate_zone, under_8000_hours, design_conditions, percent_oa_70_to_80, percent_oa_greater_than_80, energy_recovery_effectiveness FROM system_requirements_energy_recovery_90_1 WHERE percent_oa_greater_than_80 IS NOT NULL ORDER BY percent_oa_greater_than_80, climate_zone"
What are the ventilation requirements for food service spaces in ASHRAE 62.1-2004?,"SELECT ventilation_primary_space_type, ventilation_secondary_space_type, ventilation_rate_occupant, ventilation_rate_area, occupancy_per_area FROM level_3_ventilation_62_1_2004 WHERE ventilation_primary_space_type LIKE '%Food and Beverage Service%' ORDER BY ventilation_rate_occupant DESC"
How do the envelope requirements for roofs vary by climate zone in IECC?,"SELECT id, template, climate_zone_set, intended_surface_type, assembly_maximum_u_value FROM envelope_requirements_IECC WHERE intended_surface_type LIKE '%Roof%' ORDER BY climate_zone_set"
What are the lighting space types for office buildings according to ASHRAE 90.1?,"SELECT id, lighting_space_type_name, level_3_lighting_code_definition_table, level_3_lighting_code_definition_id FROM level_2_lighting_space_types WHERE lighting_space_type_name LIKE '%Office%'"
What are the support constructions for walls in ASHRAE 90.1?,"SELECT name, intended_surface_type, standards_construction_type, insulation_layer FROM support_constructions WHERE intended_surface_type LIKE '%Wall%'"
What are the envelope requirements for buildings in climate zones 4 or 5 with a roof intended surface type?,"SELECT id, template, climate_zone_set, intended_surface_type, standards_construction_type, building_category FROM envelope_requirements_90_1 WHERE (climate_zone_set LIKE '%4%' OR climate_zone_set LIKE '%5%') AND intended_surface_type LIKE '%Roof'"
How do the BTU/hr per HP requirements compare between different fan types for evaporative condensers under current IECC standards?,"SELECT template, equipment_type, fan_type, minimum_performance_btu_per_hr_per_hp FROM hvac_minimum_requirements_heat_rejection_IECC WHERE equipment_type = 'Evaporative Condenser' AND template LIKE '%IECC-2021%'"
What are the envelope requirements for buildings in climate zones 3 or 4 with a wall intended surface type under ASHRAE 90.1-2010 standards?,"SELECT id, template, climate_zone_set, intended_surface_type, standards_construction_type FROM envelope_requirements_90_1 WHERE (climate_zone_set LIKE '%3%' OR climate_zone_set LIKE '%4%') AND intended_surface_type LIKE '%Wall'"
Which space types have both high occupancy density (>100 ppl/1000 ft²) and require significant per-person ventilation rates under ASHRAE 90.1-2010 standards?,"SELECT ventilation_primary_space_type, ventilation_rate_occupant, occupancy_per_area FROM level_3_ventilation_62_1_2007 WHERE occupancy_per_area > 100 AND ventilation_rate_occupant > 5"
Which space types in the PRM baseline have Building Area (BA) method requirements but still need daylight responsive controls under ASHRAE 90.1-2010 standards?,"SELECT lighting_primary_space_type, method, automatic_daylight_responsive_controls_for_sidelighting FROM level_3_lighting_90_1_2010_prm WHERE method = 'BA' AND (automatic_daylight_responsive_controls_for_sidelighting = 'REQ')"
What are the envelope requirements for buildings in climate zones 5 or 6 with a roof intended surface type under ASHRAE 90.1-2010 standards?,"SELECT id, template, climate_zone_set, intended_surface_type, standards_construction_type FROM envelope_requirements_90_1 WHERE (climate_zone_set LIKE '%5%' OR climate_zone_set LIKE '%6%') AND intended_surface_type LIKE '%Roof'"
